listing_id,source,url,title,price,currency,period,area,bedrooms,bathrooms,furnished,property_type,governorate,city,district,latitude,longitude,amenities,posted_date,agency,scraped_at
AQ100059,aqarmap,https://www.aqarmap.com/en/property/details-100059.html,"Furnished Studio for rent in Rehab, New Cairo",120000,EGP,yearly,61,0,1,Furnished,Studio,Cairo,New Cairo,Rehab,30.05805,31.49239,Central AC|Built-in Kitchen,2026-04-15,Bayut Verified,2026-06-30T09:00:00
BA100343,bayut,https://www.bayut.eg/property/details-100343.html,"Semi-furnished Villa for rent in Miami, Alexandria","44,500",EGP,monthly,429 Sq. M.,6,5,Semi-furnished,Villa,Alexandria,Alexandria,Miami,31.27708,30.01646,Gym|Parking|Maids Room|Central AC|Built-in Kitchen,2026-04-08,Nawy,2026-06-30T09:00:00
BA100389,bayut,https://www.bayut.eg/property/details-100389.html,"Unfurnished Studio for rent in Maadi, Cairo",12500,EGP,monthly,58,0,1,Unfurnished,Studio,Cairo,Cairo,Maadi,29.95788,31.26325,Central AC|Parking|Maids Room|Built-in Kitchen|Backup Generator|Balcony,2026-03-18,ERA Egypt,2026-06-30T09:00:00
AQ100333,aqarmap,https://www.aqarmap.com/en/property/details-100333.html,"Unfurnished Chalet for rent in Maadi, Cairo",17500,EGP,monthly,,3,2,Unfurnished,Chalet,Cairo,Cairo,,29.95774,31.2649,Maids Room|Elevator|Central AC|Gym,2026-03-20,Bayut Verified,2026-06-30T09:00:00
AQ100119,aqarmap,https://www.aqarmap.com/en/property/details-100119.html,"Furnished Penthouse for rent in Mohandessin, Giza",1074000,EGP,yearly,324,4,4,Furnished,Penthouse,Giza,Giza,Mohandessin,30.061,31.20591,Swimming Pool|Balcony|Kids Area|Central AC|Gym,2026-05-03,Nawy,2026-06-30T09:00:00
AQ100027,aqarmap,https://www.aqarmap.com/en/property/details-100027.html,"Semi-furnished Duplex for rent in Haram, Giza",20000,EGP,monthly,297,5,2,Semi-furnished,Duplex,Giza,Giza,Haram,29.9913,31.16851,Gym|Garden|Swimming Pool|Parking|Kids Area|Built-in Kitchen,2026-04-13,ERA Egypt,2026-06-30T09:00:00
AQ100217,aqarmap,https://www.aqarmap.com/en/property/details-100217.html,"Unfurnished Chalet for rent in Fifth Settlement, New Cairo",31500,EGP,monthly,168,3,3,Unfurnished,Chalet,Cairo,New Cairo,,30.00451,31.48407,Built-in Kitchen|Swimming Pool|Backup Generator|Gym,2026-06-26,Nawy,2026-06-30T09:00:00
AQ100282,aqarmap,https://www.aqarmap.com/en/property/details-100282.html,"Furnished Studio for rent in Smouha, Alexandria",13500,EGP,monthly,56,0,1,Furnished,Studio,Alexandria,Alexandria,Smouha,31.21286,29.95241,Kids Area|Garden|Built-in Kitchen|Central AC|Balcony|Maids Room,2026-06-15,Nawy,2026-06-30T09:00:00
AQ100238,aqarmap,https://www.aqarmap.com/en/property/details-100238.html,"Unfurnished Chalet for rent in Rehab, New Cairo",222000,EGP,yearly,146,3,3,Unfurnished,Chalet,Cairo,New Cairo,Rehab,30.06479,31.49906,Parking|Security|Gym|Elevator,2026-04-18,Nawy,2026-06-30T09:00:00
BA100235,bayut,https://www.bayut.eg/property/details-100235.html,"Unfurnished Townhouse for rent in Zamalek, Cairo",17455,USD,yearly,270,4,4,Unfurnished,Townhouse,Cairo,Cairo,Zamalek,30.06107,31.22377,Balcony|Built-in Kitchen|Garden|Gym,2026-04-18,Aqarmap Agent,2026-06-30T09:00:00
BA100035,bayut,https://www.bayut.eg/property/details-100035.html,"Semi-furnished Duplex for rent in 6th of October City, 6th of October",29500,EGP,monthly,,3,3,Semi-furnished,Duplex,Giza,6th of October,6th of October City,29.9651,30.93929,Parking|Balcony|Maids Room|Elevator,2026-03-18,Bayut Verified,2026-06-30T09:00:00
BA100103,bayut,https://www.bayut.eg/property/details-100103.html,"Unfurnished Villa for rent in Nasr City, Cairo",58500,EGP,monthly,423,6,4,Unfurnished,Villa,Cairo,Cairo,Nasr City,30.05112,31.37509,Parking|Balcony,2026-06-13,ERA Egypt,2026-06-30T09:00:00
BA100115,bayut,https://www.bayut.eg/property/details-100115.html,"Semi-furnished Apartment for rent in Maadi, Cairo",43000,EGP,monthly,194 Sq. M.,3,3,Semi-furnished,Apartment,Cairo,Cairo,Maadi,29.95165,31.24752,Gym|Elevator|Kids Area,2026-04-29,ERA Egypt,2026-06-30T09:00:00
AQ100073,aqarmap,https://www.aqarmap.com/en/property/details-100073.html,"Furnished Townhouse for rent in Mohandessin, Giza",56000,EGP,monthly,216,4,3,Furnished,Townhouse,Giza,Giza,Mohandessin,30.05418,31.19243,Security|Swimming Pool|Central AC,2026-03-21,Coldwell Banker,2026-06-30T09:00:00
AQ100323,aqarmap,https://www.aqarmap.com/en/property/details-100323.html,"Furnished Duplex for rent in Madinaty, New Cairo",37000,EGP,monthly,290,3,3,Furnished,Duplex,Cairo,New Cairo,Madinaty,30.10539,31.6354,Gym|Security|Maids Room|Parking|Elevator|Swimming Pool,2026-05-18,Private Owner,2026-06-30T09:00:00
AQ100272,aqarmap,https://www.aqarmap.com/en/property/details-100272.html,"Unfurnished Villa for rent in Madinaty, New Cairo",66500,EGP,monthly,471,6,1,Unfurnished,Villa,Cairo,New Cairo,Madinaty,30.09731,31.63238,Garden|Security|Maids Room|Parking,2026-06-16,Aqarmap Agent,2026-06-30T09:00:00
BA100003,bayut,https://www.bayut.eg/property/details-100003.html,"Unfurnished Apartment for rent in Mokattam, Cairo",19000,EGP,monthly,149,3,3,Unfurnished,Apartment,Cairo,Cairo,Mokattam,30.01958,31.30064,Balcony|Gym|Parking|Swimming Pool,2026-03-24,Aqarmap Agent,2026-06-30T09:00:00
BA100165,bayut,https://www.bayut.eg/property/details-100165.html,"Unfurnished Apartment for rent in 6th of October City, 6th of October","13,500",EGP,monthly,132 Sq. M.,3,1,Unfurnished,Apartment,Giza,6th of October,6th of October City,29.96518,30.94903,Parking|Central AC|Backup Generator|Garden|Kids Area,2026-05-31,Private Owner,2026-06-30T09:00:00
AQ100273,aqarmap,https://www.aqarmap.com/en/property/details-100273.html,"Furnished Chalet for rent in Sidi Gaber, Alexandria",24000,EGP,monthly,169,2,2,Furnished,Chalet,Alexandria,Alexandria,Sidi Gaber,31.21209,29.93946,Central AC|Maids Room|Backup Generator|Parking|Kids Area,2026-05-07,Bayut Verified,2026-06-30T09:00:00
AQ100225,aqarmap,https://www.aqarmap.com/en/property/details-100225.html,"Furnished Chalet for rent in Dokki, Giza",12000,EGP,monthly,83,3,1,Furnished,Chalet,Giza,Giza,Dokki,30.03841,31.21456,Balcony|Swimming Pool|Built-in Kitchen,2026-03-29,ERA Egypt,2026-06-30T09:00:00
AQ100291,aqarmap,https://www.aqarmap.com/en/property/details-100291.html,"Semi-furnished Villa for rent in Sidi Gaber, Alexandria",57500,EGP,monthly,,6,4,Semi-furnished,Villa,Alexandria,Alexandria,Sidi Gaber,31.21395,29.94109,Gym|Central AC,2026-04-29,Private Owner,2026-06-30T09:00:00
AQ100353,aqarmap,https://www.aqarmap.com/en/property/details-100353.html,"Furnished Duplex for rent in Roushdy, Alexandria",67000,EGP,monthly,307,5,4,Furnished,Duplex,Alexandria,Alexandria,Roushdy,31.22748,29.95762,Backup Generator|Elevator|Swimming Pool|Built-in Kitchen|Maids Room|Central AC,2026-03-31,ERA Egypt,2026-06-30T09:00:00
BA100159,bayut,https://www.bayut.eg/property/details-100159.html,"Semi-furnished Studio for rent in Fifth Settlement, New Cairo",8500,EGP,monthly,45,0,1,Semi-furnished,Studio,Cairo,New Cairo,Fifth Settlement,30.0113,31.49391,Balcony|Backup Generator|Parking|Maids Room,2026-06-11,Nawy,2026-06-30T09:00:00
AQ100152,aqarmap,https://www.aqarmap.com/en/property/details-100152.html,"Semi-furnished Townhouse for rent in Sheikh Zayed, 6th of October",1101,USD,monthly,270,4,4,Semi-furnished,Townhouse,Giza,6th of October,Sheikh Zayed,30.04169,30.96615,Maids Room|Backup Generator|Built-in Kitchen|Gym,2026-04-25,Nawy,2026-06-30T09:00:00
AQ100090,aqarmap,https://www.aqarmap.com/en/property/details-100090.html,"Furnished Apartment for rent in Roushdy, Alexandria",36000,EGP,monthly,163,4,,Furnished,Apartment,Alexandria,Alexandria,Roushdy,31.21982,29.95621,Central AC|Security,2026-06-04,Aqarmap Agent,2026-06-30T09:00:00
AQ100277,aqarmap,https://www.aqarmap.com/en/property/details-100277.html,"Unfurnished Duplex for rent in 6th of October City, 6th of October",31000,EGP,monthly,217,4,4,Unfurnished,Duplex,Giza,6th of October,6th of October City,29.97462,30.94837,Garden|Security|Elevator|Maids Room|Kids Area,2026-06-27,Bayut Verified,2026-06-30T09:00:00
BA100100,bayut,https://www.bayut.eg/property/details-100100.html,"Semi-furnished Villa for rent in Fifth Settlement, New Cairo","108,000",EGP,monthly,669,5,5,Semi-furnished,Villa,Cairo,New Cairo,Fifth Settlement,29.99954,31.48323,Swimming Pool|Kids Area|Built-in Kitchen,2026-03-19,Aqarmap Agent,2026-06-30T09:00:00
AQ100132,aqarmap,https://www.aqarmap.com/en/property/details-100132.html,"Unfurnished Studio for rent in Mokattam, Cairo",5000,EGP,monthly,50 Sq. M.,0,1,Unfurnished,Studio,Cairo,Cairo,Mokattam,30.01741,31.30717,Central AC|Gym|Kids Area,2026-05-21,Nawy,2026-06-30T09:00:00
BA100360,bayut,https://www.bayut.eg/property/details-100360.html,"Unfurnished Apartment for rent in Smouha, Alexandria",26500,EGP,monthly,167 Sq. M.,4,3,Unfurnished,Apartment,Alexandria,Alexandria,Smouha,31.22282,29.94191,Built-in Kitchen|Swimming Pool|Maids Room|Garden|Central AC,2026-06-05,Private Owner,2026-06-30T09:00:00
AQ100195,aqarmap,https://www.aqarmap.com/en/property/details-100195.html,"Semi-furnished Penthouse for rent in Fifth Settlement, New Cairo",49500,EGP,monthly,229,4,1,Semi-furnished,Penthouse,Cairo,New Cairo,Fifth Settlement,30.00565,31.48836,Elevator|Gym|Swimming Pool|Backup Generator|Parking|Built-in Kitchen,2026-06-01,Bayut Verified,2026-06-30T09:00:00
AQ100258,aqarmap,https://www.aqarmap.com/en/property/details-100258.html,"Furnished Apartment for rent in Dokki, Giza",27000,EGP,monthly,172,3,1,Furnished,Apartment,Giza,Giza,Dokki,30.04231,31.20307,Parking|Built-in Kitchen,2026-06-17,Bayut Verified,2026-06-30T09:00:00
BA100384,bayut,https://www.bayut.eg/property/details-100384.html,"Semi-furnished Chalet for rent in Sheikh Zayed, 6th of October",18500,EGP,monthly,108,,3,Semi-furnished,Chalet,Giza,6th of October,Sheikh Zayed,30.04198,30.97218,Gym|Built-in Kitchen,2026-03-14,Private Owner,2026-06-30T09:00:00
BA100086,bayut,https://www.bayut.eg/property/details-100086.html,"Furnished Studio for rent in Nasr City, Cairo",11500,EGP,monthly,63,0,1,Furnished,Studio,Cairo,Cairo,Nasr City,30.04129,31.36696,Garden|Gym,2026-03-10,Private Owner,2026-06-30T09:00:00
AQ100239,aqarmap,https://www.aqarmap.com/en/property/details-100239.html,"Semi-furnished Townhouse for rent in Sheikh Zayed, 6th of October",47000,EGP,monthly,,3,3,Semi-furnished,Townhouse,Giza,6th of October,Sheikh Zayed,30.03432,30.97205,Garden|Elevator,2026-03-16,ERA Egypt,2026-06-30T09:00:00
BA100138,bayut,https://www.bayut.eg/property/details-100138.html,"Unfurnished Studio for rent in Rehab, New Cairo",48000,EGP,yearly,41,0,1,Unfurnished,Studio,Cairo,New Cairo,Rehab,30.06493,31.48812,Garden|Elevator|Backup Generator,2026-03-05,ERA Egypt,2026-06-30T09:00:00
BA100192,bayut,https://www.bayut.eg/property/details-100192.html,"Semi-furnished Penthouse for rent in Dokki, Giza",51500,EGP,monthly,357,5,,Semi-furnished,Penthouse,Giza,Giza,,30.04081,31.20978,Backup Generator|Maids Room|Gym,2026-03-18,ERA Egypt,2026-06-30T09:00:00
AQ100295,aqarmap,https://www.aqarmap.com/en/property/details-100295.html,"Furnished Studio for rent in Sheikh Zayed, 6th of October",283,USD,monthly,59 Sq. M.,0,1,Furnished,Studio,Giza,6th of October,Sheikh Zayed,30.03533,30.97992,Elevator|Garden|Balcony|Built-in Kitchen|Backup Generator|Gym,2026-05-07,Coldwell Banker,2026-06-30T09:00:00
BA100374,bayut,https://www.bayut.eg/property/details-100374.html,"Unfurnished Chalet for rent in Rehab, New Cairo",16000,EGP,monthly,126,,2,Unfurnished,Chalet,Cairo,New Cairo,Rehab,30.05389,31.49334,Elevator|Parking|Backup Generator,2026-04-04,Bayut Verified,2026-06-30T09:00:00
AQ100227,aqarmap,https://www.aqarmap.com/en/property/details-100227.html,"Furnished Penthouse for rent in Haram, Giza",28500,EGP,monthly,277,4,3,Furnished,Penthouse,Giza,Giza,,29.99411,31.16425,Swimming Pool|Kids Area|Elevator|Garden|Parking|Maids Room,2026-03-25,Private Owner,2026-06-30T09:00:00
BA100231,bayut,https://www.bayut.eg/property/details-100231.html,"Unfurnished Studio for rent in Faisal, Giza",4000,EGP,monthly,54,0,1,Unfurnished,Studio,Giza,Giza,Faisal,29.97982,31.15412,Parking|Maids Room|Balcony|Backup Generator,2026-03-29,Aqarmap Agent,2026-06-30T09:00:00
AQ100174,aqarmap,https://www.aqarmap.com/en/property/details-100174.html,"Semi-furnished Villa for rent in Haram, Giza",40000,EGP,monthly,574,5,1,Semi-furnished,Villa,Giza,Giza,Haram,29.98637,31.16705,Central AC|Maids Room|Elevator|Parking|Garden|Swimming Pool,2026-05-15,ERA Egypt,2026-06-30T09:00:00
BA100210,bayut,https://www.bayut.eg/property/details-100210.html,"Semi-furnished Chalet for rent in Mohandessin, Giza",15500,EGP,monthly,91,2,1,Semi-furnished,Chalet,Giza,Giza,Mohandessin,30.0452,31.20289,Parking|Security|Central AC|Swimming Pool|Garden|Gym,2026-03-25,Bayut Verified,2026-06-30T09:00:00
AQ100211,aqarmap,https://www.aqarmap.com/en/property/details-100211.html,"Unfurnished Duplex for rent in Maadi, Cairo",31500,EGP,monthly,190,4,4,Unfurnished,Duplex,Cairo,Cairo,Maadi,29.95647,31.25627,Maids Room|Security|Parking|Kids Area|Backup Generator|Swimming Pool,2026-06-07,Nawy,2026-06-30T09:00:00
AQ100320,aqarmap,https://www.aqarmap.com/en/property/details-100320.html,"Furnished Villa for rent in Sidi Gaber, Alexandria",102500,EGP,monthly,674,6,3,Furnished,Villa,Alexandria,Alexandria,Sidi Gaber,31.21564,29.93321,Balcony|Built-in Kitchen,2026-04-13,Nawy,2026-06-30T09:00:00
AQ100259,aqarmap,https://www.aqarmap.com/en/property/details-100259.html,"Semi-furnished Duplex for rent in Dokki, Giza",29500,EGP,monthly,218,5,3,Semi-furnished,Duplex,Giza,Giza,Dokki,30.03672,31.21788,Maids Room|Swimming Pool,2026-04-29,Coldwell Banker,2026-06-30T09:00:00
AQ100154,aqarmap,https://www.aqarmap.com/en/property/details-100154.html,"Furnished Townhouse for rent in Miami, Alexandria",56500,EGP,monthly,321,4,3,Furnished,Townhouse,Alexandria,Alexandria,Miami,31.26256,30.01517,Security|Backup Generator|Garden|Parking|Swimming Pool|Kids Area,2026-06-18,ERA Egypt,2026-06-30T09:00:00
BA100325,bayut,https://www.bayut.eg/property/details-100325.html,"Furnished Duplex for rent in Smouha, Alexandria",54000,EGP,monthly,253,5,2,Furnished,Duplex,Alexandria,Alexandria,Smouha,31.20603,29.94807,Swimming Pool|Security|Balcony|Built-in Kitchen|Maids Room,2026-04-11,Private Owner,2026-06-30T09:00:00
AQ100327,aqarmap,https://www.aqarmap.com/en/property/details-100327.html,"Semi-furnished Villa for rent in Roushdy, Alexandria",81500,EGP,monthly,375,6,,Semi-furnished,Villa,Alexandria,Alexandria,Roushdy,31.23195,29.96375,Swimming Pool|Gym|Parking|Elevator|Garden,2026-04-12,Private Owner,2026-06-30T09:00:00
AQ100375,aqarmap,https://www.aqarmap.com/en/property/details-100375.html,"Unfurnished Apartment for rent in Haram, Giza",12500,EGP,monthly,196,3,3,Unfurnished,Apartment,Giza,Giza,Haram,29.99668,31.16705,Parking|Backup Generator,2026-05-13,Aqarmap Agent,2026-06-30T09:00:00
AQ100105,aqarmap,https://www.aqarmap.com/en/property/details-100105.html,"Furnished Duplex for rent in Fifth Settlement, New Cairo",1182,USD,monthly,293,4,3,Furnished,Duplex,Cairo,New Cairo,Fifth Settlement,29.99947,31.48309,Parking|Built-in Kitchen|Backup Generator|Garden|Balcony|Elevator,2026-04-20,Nawy,2026-06-30T09:00:00
AQ100007,aqarmap,https://www.aqarmap.com/en/property/details-100007.html,"Semi-furnished Chalet for rent in Miami, Alexandria",21000,EGP,monthly,168 Sq. M.,2,2,Semi-furnished,Chalet,Alexandria,Alexandria,Miami,31.26242,30.01449,Elevator|Built-in Kitchen|Maids Room|Swimming Pool,2026-03-07,Aqarmap Agent,2026-06-30T09:00:00
BA100001,bayut,https://www.bayut.eg/property/details-100001.html,"Semi-furnished Chalet for rent in El Shorouk, Shorouk",10000,EGP,monthly,,2,2,Semi-furnished,Chalet,Cairo,Shorouk,,30.11485,31.61193,Built-in Kitchen|Gym|Elevator|Central AC,2026-05-18,Aqarmap Agent,2026-06-30T09:00:00
BA100396,bayut,https://www.bayut.eg/property/details-100396.html,"Unfurnished Villa for rent in Haram, Giza",54500,EGP,monthly,667,,3,Unfurnished,Villa,Giza,Giza,,29.99469,31.15353,Parking|Security|Built-in Kitchen,2026-05-21,Coldwell Banker,2026-06-30T09:00:00
BA100249,bayut,https://www.bayut.eg/property/details-100249.html,"Semi-furnished Studio for rent in Maadi, Cairo",11000,EGP,monthly,46,0,1,Semi-furnished,Studio,Cairo,Cairo,,29.95909,31.25538,Balcony|Garden|Swimming Pool|Security|Kids Area,2026-04-12,Aqarmap Agent,2026-06-30T09:00:00
AQ100308,aqarmap,https://www.aqarmap.com/en/property/details-100308.html,"Furnished Studio for rent in Faisal, Giza",4000,EGP,monthly,38,0,1,Furnished,Studio,Giza,Giza,Faisal,29.99217,31.15472,Parking|Kids Area|Maids Room|Elevator,2026-06-03,Coldwell Banker,2026-06-30T09:00:00
BA100038,bayut,https://www.bayut.eg/property/details-100038.html,"Semi-furnished Penthouse for rent in Maadi, Cairo",70500,EGP,monthly,337,4,3,Semi-furnished,Penthouse,Cairo,Cairo,Maadi,29.96962,31.25168,Swimming Pool|Balcony|Elevator|Garden|Central AC,2026-05-20,Bayut Verified,2026-06-30T09:00:00
BA100142,bayut,https://www.bayut.eg/property/details-100142.html,"Unfurnished Villa for rent in Madinaty, New Cairo",48000,EGP,monthly,347,5,5,Unfurnished,Villa,Cairo,New Cairo,Madinaty,30.10215,31.62868,Parking|Garden,2026-04-08,ERA Egypt,2026-06-30T09:00:00
AQ100223,aqarmap,https://www.aqarmap.com/en/property/details-100223.html,"Furnished Apartment for rent in Sheikh Zayed, 6th of October",534000,EGP,yearly,191,4,3,Furnished,Apartment,Giza,6th of October,Sheikh Zayed,30.04326,30.98426,Parking|Elevator|Gym|Balcony,2026-04-07,ERA Egypt,2026-06-30T09:00:00
AQ100354,aqarmap,https://www.aqarmap.com/en/property/details-100354.html,"Semi-furnished Studio for rent in Miami, Alexandria",6000,EGP,monthly,46,,1,Semi-furnished,Studio,Alexandria,Alexandria,Miami,31.26852,30.01935,Garden|Central AC|Kids Area|Gym|Balcony,2026-05-02,Coldwell Banker,2026-06-30T09:00:00
BA100364,bayut,https://www.bayut.eg/property/details-100364.html,"Unfurnished Townhouse for rent in Miami, Alexandria",39500,EGP,monthly,,3,1,Unfurnished,Townhouse,Alexandria,Alexandria,Miami,31.26433,30.01069,Swimming Pool|Central AC|Elevator|Maids Room|Parking|Kids Area,2026-05-16,Bayut Verified,2026-06-30T09:00:00
BA100348,bayut,https://www.bayut.eg/property/details-100348.html,"Semi-furnished Villa for rent in Sheikh Zayed, 6th of October",108000,EGP,monthly,577,4,2,Semi-furnished,Villa,Giza,6th of October,Sheikh Zayed,30.03115,30.97614,Elevator|Balcony|Garden|Swimming Pool|Maids Room|Built-in Kitchen,2026-06-29,ERA Egypt,2026-06-30T09:00:00
AQ100200,aqarmap,https://www.aqarmap.com/en/property/details-100200.html,"Unfurnished Penthouse for rent in El Shorouk, Shorouk",39500,EGP,monthly,361,3,3,Unfurnished,Penthouse,Cairo,Shorouk,El Shorouk,30.11988,31.61824,Backup Generator|Built-in Kitchen|Swimming Pool|Maids Room,2026-03-03,ERA Egypt,2026-06-30T09:00:00
AQ100330,aqarmap,https://www.aqarmap.com/en/property/details-100330.html,"Semi-furnished Studio for rent in Haram, Giza",4000,EGP,monthly,43,0,1,Semi-furnished,Studio,Giza,Giza,Haram,29.99376,31.16238,Gym|Built-in Kitchen|Central AC|Balcony|Backup Generator,2026-05-14,Bayut Verified,2026-06-30T09:00:00
BA100012,bayut,https://www.bayut.eg/property/details-100012.html,"Furnished Townhouse for rent in Maadi, Cairo",51500,EGP,monthly,276,4,3,Furnished,Townhouse,Cairo,Cairo,Maadi,29.96075,31.25702,Garden|Parking|Swimming Pool,2026-06-18,Nawy,2026-06-30T09:00:00
BA100003,bayut,https://www.bayut.eg/property/details-100003.html,"Unfurnished Apartment for rent in Mokattam, Cairo",19000,EGP,monthly,149,3,3,Unfurnished,Apartment,Cairo,Cairo,Mokattam,30.01958,31.30064,Balcony|Gym|Parking|Swimming Pool,2026-03-24,Aqarmap Agent,2026-06-30T09:00:00
BA100122,bayut,https://www.bayut.eg/property/details-100122.html,"Semi-furnished Studio for rent in Zamalek, Cairo",16500,EGP,monthly,58,,,Semi-furnished,Studio,Cairo,Cairo,Zamalek,30.05277,31.22127,Backup Generator|Security|Central AC|Garden|Swimming Pool|Maids Room,2026-06-13,Bayut Verified,2026-06-30T09:00:00
AQ100301,aqarmap,https://www.aqarmap.com/en/property/details-100301.html,"Unfurnished Studio for rent in Gleem, Alexandria",11500,EGP,monthly,58 Sq. M.,0,1,Unfurnished,Studio,Alexandria,Alexandria,Gleem,31.23936,29.95714,Gym|Central AC|Balcony,2026-03-03,Nawy,2026-06-30T09:00:00
AQ100331,aqarmap,https://www.aqarmap.com/en/property/details-100331.html,"Unfurnished Apartment for rent in Faisal, Giza",11000,EGP,monthly,180,4,1,Unfurnished,Apartment,Giza,Giza,Faisal,29.99643,31.14238,Parking|Kids Area|Garden|Gym|Elevator,2026-03-02,Aqarmap Agent,2026-06-30T09:00:00
BA100314,bayut,https://www.bayut.eg/property/details-100314.html,"Furnished Studio for rent in Dokki, Giza",5500,EGP,monthly,39,0,1,Furnished,Studio,Giza,Giza,,30.03041,31.21082,Kids Area|Gym|Built-in Kitchen|Security|Garden,2026-04-08,Bayut Verified,2026-06-30T09:00:00
AQ100089,aqarmap,https://www.aqarmap.com/en/property/details-100089.html,"Furnished Townhouse for rent in Zamalek, Cairo",131500,EGP,monthly,,,2,Furnished,Townhouse,Cairo,Cairo,Zamalek,30.05972,31.22098,Maids Room|Backup Generator|Swimming Pool|Built-in Kitchen|Parking,2026-04-14,Aqarmap Agent,2026-06-30T09:00:00
AQ100008,aqarmap,https://www.aqarmap.com/en/property/details-100008.html,"Semi-furnished Villa for rent in Madinaty, New Cairo",48500,EGP,monthly,,5,,Semi-furnished,Villa,Cairo,New Cairo,Madinaty,30.09486,31.62946,Swimming Pool|Parking|Backup Generator|Balcony|Garden,2026-04-18,Private Owner,2026-06-30T09:00:00
AQ100109,aqarmap,https://www.aqarmap.com/en/property/details-100109.html,"Unfurnished Studio for rent in Dokki, Giza",7500,EGP,monthly,66,,1,Unfurnished,Studio,Giza,Giza,Dokki,30.03887,31.21681,Kids Area|Maids Room|Built-in Kitchen|Parking,2026-04-03,Coldwell Banker,2026-06-30T09:00:00
AQ100397,aqarmap,https://www.aqarmap.com/en/property/details-100397.html,"Unfurnished Townhouse for rent in Roushdy, Alexandria",46000,EGP,monthly,234,4,4,Unfurnished,Townhouse,Alexandria,Alexandria,Roushdy,31.21828,29.9498,Kids Area|Balcony,2026-06-15,Bayut Verified,2026-06-30T09:00:00
BA100388,bayut,https://www.bayut.eg/property/details-100388.html,"Unfurnished Chalet for rent in Dokki, Giza",19000,EGP,monthly,168,2,2,Unfurnished,Chalet,Giza,Giza,,30.03033,31.20344,Swimming Pool|Elevator|Built-in Kitchen|Central AC|Gym|Garden,2026-06-29,Bayut Verified,2026-06-30T09:00:00
AQ100286,aqarmap,https://www.aqarmap.com/en/property/details-100286.html,"Furnished Duplex for rent in Mokattam, Cairo","31,500",EGP,monthly,212,3,,Furnished,Duplex,Cairo,Cairo,Mokattam,30.03015,31.30085,Elevator|Backup Generator,2026-06-28,Aqarmap Agent,2026-06-30T09:00:00
AQ100230,aqarmap,https://www.aqarmap.com/en/property/details-100230.html,"Unfurnished Penthouse for rent in Sheikh Zayed, 6th of October",52500,EGP,monthly,242,4,3,Unfurnished,Penthouse,Giza,6th of October,Sheikh Zayed,30.03181,30.97601,Built-in Kitchen|Maids Room|Security,2026-05-02,Private Owner,2026-06-30T09:00:00
BA100125,bayut,https://www.bayut.eg/property/details-100125.html,"Semi-furnished Chalet for rent in Roushdy, Alexandria",22000,EGP,monthly,133,3,3,Semi-furnished,Chalet,Alexandria,Alexandria,Roushdy,31.2242,29.95623,Security|Maids Room|Garden,2026-05-26,Private Owner,2026-06-30T09:00:00
BA100036,bayut,https://www.bayut.eg/property/details-100036.html,"Unfurnished Chalet for rent in Faisal, Giza",5000,EGP,monthly,86,2,2,Unfurnished,Chalet,Giza,Giza,,29.97858,31.1526,Kids Area|Security|Gym,2026-04-29,Aqarmap Agent,2026-06-30T09:00:00
AQ100243,aqarmap,https://www.aqarmap.com/en/property/details-100243.html,"Unfurnished Duplex for rent in Gleem, Alexandria",630000,EGP,yearly,259 Sq. M.,4,2,Unfurnished,Duplex,Alexandria,Alexandria,Gleem,31.24636,29.95686,Parking|Central AC|Gym|Backup Generator|Maids Room,2026-03-04,ERA Egypt,2026-06-30T09:00:00
AQ100062,aqarmap,https://www.aqarmap.com/en/property/details-100062.html,"Furnished Studio for rent in Roushdy, Alexandria",293,USD,monthly,65,0,1,Furnished,Studio,Alexandria,Alexandria,Roushdy,31.22184,29.966,Parking|Gym|Kids Area,2026-03-24,Aqarmap Agent,2026-06-30T09:00:00
AQ100072,aqarmap,https://www.aqarmap.com/en/property/details-100072.html,"Unfurnished Studio for rent in Zamalek, Cairo",14500,EGP,monthly,49,0,1,Unfurnished,Studio,Cairo,Cairo,Zamalek,30.05569,31.22224,Swimming Pool|Parking|Security|Backup Generator|Central AC,2026-05-28,ERA Egypt,2026-06-30T09:00:00
AQ100288,aqarmap,https://www.aqarmap.com/en/property/details-100288.html,"Unfurnished Apartment for rent in Sheikh Zayed, 6th of October",626,USD,monthly,205,4,,Unfurnished,Apartment,Giza,6th of October,Sheikh Zayed,30.03733,30.97779,Backup Generator|Parking|Security|Garden|Balcony,2026-04-01,Private Owner,2026-06-30T09:00:00
AQ100022,aqarmap,https://www.aqarmap.com/en/property/details-100022.html,"Unfurnished Apartment for rent in Madinaty, New Cairo",11000,EGP,monthly,109,2,2,Unfurnished,Apartment,Cairo,New Cairo,Madinaty,30.09832,31.62414,Balcony|Built-in Kitchen|Elevator|Kids Area|Central AC,2026-05-19,Coldwell Banker,2026-06-30T09:00:00
AQ100085,aqarmap,https://www.aqarmap.com/en/property/details-100085.html,"Furnished Duplex for rent in Haram, Giza",33000,EGP,monthly,300,3,2,Furnished,Duplex,Giza,Giza,Haram,29.99155,31.15599,Garden|Gym|Elevator|Parking,2026-04-08,Bayut Verified,2026-06-30T09:00:00
BA100338,bayut,https://www.bayut.eg/property/details-100338.html,"Unfurnished Duplex for rent in Maadi, Cairo",69500,EGP,monthly,318,3,2,Unfurnished,Duplex,Cairo,Cairo,Maadi,29.96625,31.26612,Gym|Backup Generator|Security|Elevator|Maids Room|Swimming Pool,2026-06-25,Nawy,2026-06-30T09:00:00
AQ100023,aqarmap,https://www.aqarmap.com/en/property/details-100023.html,"Furnished Chalet for rent in Miami, Alexandria",21500,EGP,monthly,157,2,2,Furnished,Chalet,Alexandria,Alexandria,Miami,31.27448,30.02681,Built-in Kitchen|Maids Room|Elevator,2026-04-06,Private Owner,2026-06-30T09:00:00
BA100173,bayut,https://www.bayut.eg/property/details-100173.html,"Unfurnished Studio for rent in El Shorouk, Shorouk",172,USD,monthly,59,,1,Unfurnished,Studio,Cairo,Shorouk,El Shorouk,30.12847,31.62251,Central AC|Built-in Kitchen|Maids Room|Garden,2026-04-15,Coldwell Banker,2026-06-30T09:00:00
BA100307,bayut,https://www.bayut.eg/property/details-100307.html,"Unfurnished Apartment for rent in Heliopolis, Cairo",737,USD,monthly,200,3,3,Unfurnished,Apartment,Cairo,Cairo,,30.0979,31.31766,Balcony|Security|Kids Area,2026-04-15,ERA Egypt,2026-06-30T09:00:00
BA100255,bayut,https://www.bayut.eg/property/details-100255.html,"Unfurnished Duplex for rent in 6th of October City, 6th of October",30500,EGP,monthly,248 Sq. M.,3,3,Unfurnished,Duplex,Giza,6th of October,,29.9664,30.94655,Garden|Maids Room|Elevator,2026-05-31,Bayut Verified,2026-06-30T09:00:00
AQ100018,aqarmap,https://www.aqarmap.com/en/property/details-100018.html,"Unfurnished Duplex for rent in Heliopolis, Cairo",48500,EGP,monthly,290,3,3,Unfurnished,Duplex,Cairo,Cairo,Heliopolis,30.09134,31.31852,Maids Room|Security|Swimming Pool|Balcony,2026-05-23,Bayut Verified,2026-06-30T09:00:00
BA100181,bayut,https://www.bayut.eg/property/details-100181.html,"Semi-furnished Townhouse for rent in Maadi, Cairo","54,500",EGP,monthly,,4,,Semi-furnished,Townhouse,Cairo,Cairo,Maadi,29.96684,31.26407,Maids Room|Swimming Pool|Gym,2026-06-08,Bayut Verified,2026-06-30T09:00:00
AQ100304,aqarmap,https://www.aqarmap.com/en/property/details-100304.html,"Furnished Penthouse for rent in Smouha, Alexandria",83000,EGP,monthly,,4,4,Furnished,Penthouse,Alexandria,Alexandria,Smouha,31.21504,29.94927,Central AC|Elevator|Backup Generator|Security,2026-05-16,Bayut Verified,2026-06-30T09:00:00
BA100168,bayut,https://www.bayut.eg/property/details-100168.html,"Unfurnished Studio for rent in Sidi Gaber, Alexandria",8000,EGP,monthly,66,0,1,Unfurnished,Studio,Alexandria,Alexandria,Sidi Gaber,31.22206,29.94066,Central AC|Maids Room|Security|Built-in Kitchen|Backup Generator|Elevator,2026-06-30,Private Owner,2026-06-30T09:00:00
AQ100263,aqarmap,https://www.aqarmap.com/en/property/details-100263.html,"Furnished Studio for rent in Zamalek, Cairo",31000,EGP,monthly,69 Sq. M.,0,1,Furnished,Studio,Cairo,Cairo,Zamalek,30.05788,31.22952,Maids Room|Security|Garden|Swimming Pool|Elevator|Gym,2026-03-28,ERA Egypt,2026-06-30T09:00:00
AQ100157,aqarmap,https://www.aqarmap.com/en/property/details-100157.html,"Unfurnished Duplex for rent in Fifth Settlement, New Cairo",45000,EGP,monthly,315,3,1,Unfurnished,Duplex,Cairo,New Cairo,Fifth Settlement,30.00364,31.48335,Built-in Kitchen|Gym|Security|Parking|Elevator|Kids Area,2026-03-10,Nawy,2026-06-30T09:00:00
AQ100187,aqarmap,https://www.aqarmap.com/en/property/details-100187.html,"Semi-furnished Penthouse for rent in Gleem, Alexandria",69000,EGP,monthly,323 Sq. M.,3,2,Semi-furnished,Penthouse,Alexandria,Alexandria,,31.23835,29.96871,Built-in Kitchen|Kids Area|Parking|Swimming Pool|Balcony,2026-06-07,Private Owner,2026-06-30T09:00:00
AQ100050,aqarmap,https://www.aqarmap.com/en/property/details-100050.html,"Unfurnished Studio for rent in Maadi, Cairo",9000,EGP,monthly,46,0,1,Unfurnished,Studio,Cairo,Cairo,Maadi,29.95907,31.25901,Kids Area|Parking,2026-04-15,Bayut Verified,2026-06-30T09:00:00
AQ100328,aqarmap,https://www.aqarmap.com/en/property/details-100328.html,"Furnished Duplex for rent in Miami, Alexandria",38000,EGP,monthly,313,4,2,Furnished,Duplex,Alexandria,Alexandria,Miami,31.27453,30.02974,Kids Area|Elevator,2026-05-31,Nawy,2026-06-30T09:00:00
BA100110,bayut,https://www.bayut.eg/property/details-100110.html,"Furnished Chalet for rent in Dokki, Giza",15500,EGP,monthly,122,3,1,Furnished,Chalet,Giza,Giza,Dokki,30.03692,31.20882,Kids Area|Maids Room|Security|Garden|Elevator|Swimming Pool,2026-04-20,Coldwell Banker,2026-06-30T09:00:00
AQ100306,aqarmap,https://www.aqarmap.com/en/property/details-100306.html,"Furnished Townhouse for rent in Miami, Alexandria",426000,EGP,yearly,258,3,3,Furnished,Townhouse,Alexandria,Alexandria,Miami,31.27201,30.01299,Security|Built-in Kitchen|Parking|Elevator,2026-04-12,Bayut Verified,2026-06-30T09:00:00
AQ100106,aqarmap,https://www.aqarmap.com/en/property/details-100106.html,"Furnished Apartment for rent in Roushdy, Alexandria",38000,EGP,monthly,177,3,,Furnished,Apartment,Alexandria,Alexandria,Roushdy,31.22352,29.952,Garden|Gym,2026-06-09,ERA Egypt,2026-06-30T09:00:00
BA100197,bayut,https://www.bayut.eg/property/details-100197.html,"Furnished Penthouse for rent in 6th of October City, 6th of October",64500,EGP,monthly,347,4,,Furnished,Penthouse,Giza,6th of October,6th of October City,29.95708,30.94899,Maids Room|Elevator|Kids Area|Garden|Balcony,2026-06-02,Bayut Verified,2026-06-30T09:00:00
BA100041,bayut,https://www.bayut.eg/property/details-100041.html,"Furnished Villa for rent in Mokattam, Cairo",67000,EGP,monthly,510 Sq. M.,6,6,Furnished,Villa,Cairo,Cairo,Mokattam,30.02495,31.31166,Central AC|Backup Generator|Gym,2026-04-12,Private Owner,2026-06-30T09:00:00
BA100028,bayut,https://www.bayut.eg/property/details-100028.html,"Semi-furnished Apartment for rent in Smouha, Alexandria",32000,EGP,monthly,135,3,3,Semi-furnished,Apartment,Alexandria,Alexandria,,31.20471,29.9474,Maids Room|Swimming Pool|Central AC|Built-in Kitchen|Kids Area,2026-06-29,Coldwell Banker,2026-06-30T09:00:00
AQ100275,aqarmap,https://www.aqarmap.com/en/property/details-100275.html,"Furnished Penthouse for rent in Haram, Giza",27000,EGP,monthly,365,3,3,Furnished,Penthouse,Giza,Giza,Haram,29.99023,31.15886,Central AC|Built-in Kitchen|Maids Room|Backup Generator,2026-04-25,Private Owner,2026-06-30T09:00:00
BA100135,bayut,https://www.bayut.eg/property/details-100135.html,"Semi-furnished Apartment for rent in Haram, Giza",114000,EGP,yearly,135,2,2,Semi-furnished,Apartment,Giza,Giza,Haram,29.99495,31.16198,Central AC|Elevator|Parking|Gym|Balcony|Built-in Kitchen,2026-04-12,Private Owner,2026-06-30T09:00:00
AQ100284,aqarmap,https://www.aqarmap.com/en/property/details-100284.html,"Semi-furnished Duplex for rent in Miami, Alexandria",444000,EGP,yearly,260,5,3,Semi-furnished,Duplex,Alexandria,Alexandria,Miami,31.27647,30.01026,Gym|Garden|Central AC|Balcony|Backup Generator|Parking,2026-04-17,Coldwell Banker,2026-06-30T09:00:00
AQ100206,aqarmap,https://www.aqarmap.com/en/property/details-100206.html,"Unfurnished Villa for rent in Mokattam, Cairo",73500,EGP,monthly,691,6,6,Unfurnished,Villa,Cairo,Cairo,Mokattam,30.01876,31.30137,Gym|Parking|Central AC,2026-05-27,Aqarmap Agent,2026-06-30T09:00:00
AQ100283,aqarmap,https://www.aqarmap.com/en/property/details-100283.html,"Semi-furnished Apartment for rent in El Shorouk, Shorouk",21500,EGP,monthly,164,,2,Semi-furnished,Apartment,Cairo,Shorouk,El Shorouk,30.12022,31.62272,Elevator|Gym|Backup Generator|Maids Room,2026-06-24,Bayut Verified,2026-06-30T09:00:00
AQ100081,aqarmap,https://www.aqarmap.com/en/property/details-100081.html,"Semi-furnished Duplex for rent in Mohandessin, Giza",48000,EGP,monthly,208,4,4,Semi-furnished,Duplex,Giza,Giza,Mohandessin,30.04931,31.20311,Built-in Kitchen|Swimming Pool|Elevator|Central AC|Security|Gym,2026-06-27,Bayut Verified,2026-06-30T09:00:00
BA100080,bayut,https://www.bayut.eg/property/details-100080.html,"Furnished Villa for rent in Dokki, Giza",53500,EGP,monthly,320,4,1,Furnished,Villa,Giza,Giza,Dokki,30.03456,31.21326,Balcony|Built-in Kitchen|Gym,2026-06-11,Aqarmap Agent,2026-06-30T09:00:00
BA100115,bayut,https://www.bayut.eg/property/details-100115.html,"Semi-furnished Apartment for rent in Maadi, Cairo",43000,EGP,monthly,194 Sq. M.,3,3,Semi-furnished,Apartment,Cairo,Cairo,Maadi,29.95165,31.24752,Gym|Elevator|Kids Area,2026-04-29,ERA Egypt,2026-06-30T09:00:00
AQ100133,aqarmap,https://www.aqarmap.com/en/property/details-100133.html,"Unfurnished Chalet for rent in Heliopolis, Cairo",19500,EGP,monthly,121,2,,Unfurnished,Chalet,Cairo,Cairo,Heliopolis,30.0832,31.33181,Balcony|Central AC,2026-04-05,Aqarmap Agent,2026-06-30T09:00:00
BA100352,bayut,https://www.bayut.eg/property/details-100352.html,"Furnished Duplex for rent in Mohandessin, Giza",76500,EGP,monthly,289,5,2,Furnished,Duplex,Giza,Giza,Mohandessin,30.05055,31.19107,Security|Maids Room|Built-in Kitchen|Central AC,2026-05-24,ERA Egypt,2026-06-30T09:00:00
AQ100160,aqarmap,https://www.aqarmap.com/en/property/details-100160.html,"Furnished Studio for rent in Sheikh Zayed, 6th of October","11,000",EGP,monthly,44,,,Furnished,Studio,Giza,6th of October,Sheikh Zayed,30.04407,30.97191,Maids Room|Central AC,2026-06-05,ERA Egypt,2026-06-30T09:00:00
BA100387,bayut,https://www.bayut.eg/property/details-100387.html,"Unfurnished Townhouse for rent in Zamalek, Cairo",1002000,EGP,yearly,237 Sq. M.,4,4,Unfurnished,Townhouse,Cairo,Cairo,Zamalek,30.0703,31.21235,Backup Generator|Garden|Built-in Kitchen|Balcony|Security|Kids Area,2026-05-01,Bayut Verified,2026-06-30T09:00:00
BA100329,bayut,https://www.bayut.eg/property/details-100329.html,"Furnished Townhouse for rent in Sidi Gaber, Alexandria",35000,EGP,monthly,201 Sq. M.,4,3,Furnished,Townhouse,Alexandria,Alexandria,Sidi Gaber,31.21801,29.93769,Backup Generator|Security|Balcony|Maids Room|Swimming Pool|Elevator,2026-03-08,Nawy,2026-06-30T09:00:00
BA100147,bayut,https://www.bayut.eg/property/details-100147.html,"Semi-furnished Villa for rent in Gleem, Alexandria",98000,EGP,monthly,567,5,1,Semi-furnished,Villa,Alexandria,Alexandria,Gleem,31.2535,29.96625,Gym|Maids Room,2026-03-02,Nawy,2026-06-30T09:00:00
AQ100203,aqarmap,https://www.aqarmap.com/en/property/details-100203.html,"Furnished Studio for rent in Madinaty, New Cairo",9000,EGP,monthly,54,0,1,Furnished,Studio,Cairo,New Cairo,Madinaty,30.09886,31.62253,Security|Elevator|Backup Generator|Garden|Maids Room|Balcony,2026-05-30,Private Owner,2026-06-30T09:00:00
AQ100120,aqarmap,https://www.aqarmap.com/en/property/details-100120.html,"Furnished Studio for rent in Rehab, New Cairo",5500,EGP,monthly,44,0,,Furnished,Studio,Cairo,New Cairo,,30.05285,31.49507,Backup Generator|Gym|Security,2026-06-30,Nawy,2026-06-30T09:00:00
AQ100101,aqarmap,https://www.aqarmap.com/en/property/details-100101.html,"Unfurnished Townhouse for rent in Mokattam, Cairo",444000,EGP,yearly,257,4,,Unfurnished,Townhouse,Cairo,Cairo,Mokattam,30.02254,31.30952,Kids Area|Security,2026-05-10,Coldwell Banker,2026-06-30T09:00:00
BA100212,bayut,https://www.bayut.eg/property/details-100212.html,"Semi-furnished Villa for rent in Fifth Settlement, New Cairo",109000,EGP,monthly,,6,2,Semi-furnished,Villa,Cairo,New Cairo,,30.00788,31.49125,Security|Built-in Kitchen|Gym|Garden|Balcony|Maids Room,2026-05-12,Nawy,2026-06-30T09:00:00
AQ100084,aqarmap,https://www.aqarmap.com/en/property/details-100084.html,"Furnished Penthouse for rent in Dokki, Giza",40000,EGP,monthly,288,3,,Furnished,Penthouse,Giza,Giza,Dokki,30.04295,31.20528,Gym|Maids Room|Kids Area|Security|Parking|Built-in Kitchen,2026-05-05,Bayut Verified,2026-06-30T09:00:00
BA100381,bayut,https://www.bayut.eg/property/details-100381.html,"Furnished Chalet for rent in Miami, Alexandria",21000,EGP,monthly,139,2,2,Furnished,Chalet,Alexandria,Alexandria,Miami,31.26211,30.02987,Security|Garden,2026-06-09,Private Owner,2026-06-30T09:00:00
AQ100266,aqarmap,https://www.aqarmap.com/en/property/details-100266.html,"Unfurnished Villa for rent in Miami, Alexandria",859,USD,monthly,412,5,,Unfurnished,Villa,Alexandria,Alexandria,Miami,31.26995,30.0132,Elevator|Backup Generator,2026-06-11,Nawy,2026-06-30T09:00:00
BA100124,bayut,https://www.bayut.eg/property/details-100124.html,"Semi-furnished Townhouse for rent in Smouha, Alexandria",37500,EGP,monthly,218,3,3,Semi-furnished,Townhouse,Alexandria,Alexandria,,31.21825,29.95209,Elevator|Built-in Kitchen,2026-05-15,Coldwell Banker,2026-06-30T09:00:00
BA100228,bayut,https://www.bayut.eg/property/details-100228.html,"Furnished Apartment for rent in Smouha, Alexandria",25000,EGP,monthly,110,2,,Furnished,Apartment,Alexandria,Alexandria,Smouha,31.21785,29.95276,Parking|Security|Central AC,2026-05-09,Aqarmap Agent,2026-06-30T09:00:00
AQ100045,aqarmap,https://www.aqarmap.com/en/property/details-100045.html,"Semi-furnished Studio for rent in Dokki, Giza",6500,EGP,monthly,,0,1,Semi-furnished,Studio,Giza,Giza,Dokki,30.03017,31.20568,Built-in Kitchen|Maids Room,2026-05-13,Nawy,2026-06-30T09:00:00
AQ100378,aqarmap,https://www.aqarmap.com/en/property/details-100378.html,"Semi-furnished Penthouse for rent in Fifth Settlement, New Cairo",71500,EGP,monthly,,5,3,Semi-furnished,Penthouse,Cairo,New Cairo,Fifth Settlement,30.01739,31.49764,Backup Generator|Balcony|Kids Area|Elevator,2026-05-14,Nawy,2026-06-30T09:00:00
AQ100289,aqarmap,https://www.aqarmap.com/en/property/details-100289.html,"Unfurnished Penthouse for rent in Maadi, Cairo",1182,USD,monthly,292,5,,Unfurnished,Penthouse,Cairo,Cairo,Maadi,29.95914,31.26162,Swimming Pool|Maids Room|Balcony|Gym|Built-in Kitchen,2026-05-12,ERA Egypt,2026-06-30T09:00:00
BA100091,bayut,https://www.bayut.eg/property/details-100091.html,"Furnished Chalet for rent in El Shorouk, Shorouk",120000,EGP,yearly,80,2,2,Furnished,Chalet,Cairo,Shorouk,El Shorouk,30.13272,31.61944,Balcony|Security|Backup Generator|Kids Area,2026-06-23,Nawy,2026-06-30T09:00:00
AQ100170,aqarmap,https://www.aqarmap.com/en/property/details-100170.html,"Semi-furnished Villa for rent in Nasr City, Cairo",83000,EGP,monthly,577,6,6,Semi-furnished,Villa,Cairo,Cairo,,30.05458,31.37348,Gym|Balcony|Elevator|Maids Room|Parking|Built-in Kitchen,2026-04-17,Private Owner,2026-06-30T09:00:00
BA100014,bayut,https://www.bayut.eg/property/details-100014.html,"Unfurnished Chalet for rent in 6th of October City, 6th of October",11000,EGP,monthly,,3,1,Unfurnished,Chalet,Giza,6th of October,6th of October City,29.9749,30.94682,Maids Room|Elevator|Garden,2026-06-16,Aqarmap Agent,2026-06-30T09:00:00
BA100240,bayut,https://www.bayut.eg/property/details-100240.html,"Furnished Townhouse for rent in Smouha, Alexandria",1788,USD,monthly,334,,3,Furnished,Townhouse,Alexandria,Alexandria,Smouha,31.2071,29.93373,Kids Area|Maids Room|Parking|Elevator|Gym,2026-04-25,Coldwell Banker,2026-06-30T09:00:00
BA100162,bayut,https://www.bayut.eg/property/details-100162.html,"Semi-furnished Studio for rent in Rehab, New Cairo",5500,EGP,monthly,46,0,1,Semi-furnished,Studio,Cairo,New Cairo,Rehab,30.05625,31.48815,Balcony|Kids Area,2026-03-10,Private Owner,2026-06-30T09:00:00
AQ100104,aqarmap,https://www.aqarmap.com/en/property/details-100104.html,"Furnished Townhouse for rent in Fifth Settlement, New Cairo",60000,EGP,monthly,269,4,,Furnished,Townhouse,Cairo,New Cairo,Fifth Settlement,29.99911,31.49367,Kids Area|Parking|Backup Generator,2026-04-04,Nawy,2026-06-30T09:00:00
AQ100149,aqarmap,https://www.aqarmap.com/en/property/details-100149.html,"Semi-furnished Chalet for rent in Faisal, Giza",10000,EGP,monthly,121,3,3,Semi-furnished,Chalet,Giza,Giza,Faisal,29.99282,31.15519,Elevator|Maids Room|Security|Parking,2026-03-06,Nawy,2026-06-30T09:00:00
BA100321,bayut,https://www.bayut.eg/property/details-100321.html,"Furnished Penthouse for rent in Mohandessin, Giza",1646,USD,monthly,378,4,1,Furnished,Penthouse,Giza,Giza,Mohandessin,30.05575,31.2037,Kids Area|Backup Generator|Central AC|Security|Gym|Garden,2026-06-01,Bayut Verified,2026-06-30T09:00:00
AQ100021,aqarmap,https://www.aqarmap.com/en/property/details-100021.html,"Semi-furnished Apartment for rent in Faisal, Giza",16000,EGP,monthly,192,3,3,Semi-furnished,Apartment,Giza,Giza,Faisal,29.99594,31.15487,Central AC|Gym|Swimming Pool|Backup Generator|Kids Area,2026-03-16,Bayut Verified,2026-06-30T09:00:00
BA100083,bayut,https://www.bayut.eg/property/details-100083.html,"Unfurnished Duplex for rent in Miami, Alexandria",37500,EGP,monthly,319,4,3,Unfurnished,Duplex,Alexandria,Alexandria,Miami,31.27883,30.02965,Kids Area|Swimming Pool|Central AC|Garden,2026-05-23,Private Owner,2026-06-30T09:00:00
AQ100276,aqarmap,https://www.aqarmap.com/en/property/details-100276.html,"Semi-furnished Duplex for rent in Mohandessin, Giza",778,USD,monthly,192,3,3,Semi-furnished,Duplex,Giza,Giza,Mohandessin,30.04765,31.19351,Security|Swimming Pool|Parking,2026-03-31,Coldwell Banker,2026-06-30T09:00:00
AQ100221,aqarmap,https://www.aqarmap.com/en/property/details-100221.html,"Semi-furnished Townhouse for rent in Gleem, Alexandria",44500,EGP,monthly,,4,2,Semi-furnished,Townhouse,Alexandria,Alexandria,Gleem,31.2359,29.97136,Backup Generator|Garden|Security,2026-06-12,Bayut Verified,2026-06-30T09:00:00
AQ100263,aqarmap,https://www.aqarmap.com/en/property/details-100263.html,"Furnished Studio for rent in Zamalek, Cairo",31000,EGP,monthly,69 Sq. M.,0,1,Furnished,Studio,Cairo,Cairo,Zamalek,30.05788,31.22952,Maids Room|Security|Garden|Swimming Pool|Elevator|Gym,2026-03-28,ERA Egypt,2026-06-30T09:00:00
BA100029,bayut,https://www.bayut.eg/property/details-100029.html,"Semi-furnished Duplex for rent in Roushdy, Alexandria",55000,EGP,monthly,288,5,5,Semi-furnished,Duplex,Alexandria,Alexandria,Roushdy,31.23243,29.95231,Kids Area|Security|Swimming Pool|Built-in Kitchen|Central AC|Backup Generator,2026-06-01,Bayut Verified,2026-06-30T09:00:00
AQ100292,aqarmap,https://www.aqarmap.com/en/property/details-100292.html,"Furnished Apartment for rent in Fifth Settlement, New Cairo",30000,EGP,monthly,,4,3,Furnished,Apartment,Cairo,New Cairo,Fifth Settlement,30.01325,31.48534,Central AC|Maids Room|Gym|Backup Generator|Garden,2026-04-07,Aqarmap Agent,2026-06-30T09:00:00
AQ100053,aqarmap,https://www.aqarmap.com/en/property/details-100053.html,"Unfurnished Chalet for rent in Miami, Alexandria",21500,EGP,monthly,,2,2,Unfurnished,Chalet,Alexandria,Alexandria,,31.27843,30.01702,Security|Built-in Kitchen|Balcony,2026-04-02,Coldwell Banker,2026-06-30T09:00:00
AQ100063,aqarmap,https://www.aqarmap.com/en/property/details-100063.html,"Furnished Villa for rent in Maadi, Cairo",134000,EGP,monthly,492,4,2,Furnished,Villa,Cairo,Cairo,Maadi,29.95087,31.25419,Central AC|Built-in Kitchen|Gym,2026-06-09,Bayut Verified,2026-06-30T09:00:00
AQ100013,aqarmap,https://www.aqarmap.com/en/property/details-100013.html,"Furnished Studio for rent in Roushdy, Alexandria",12000,EGP,monthly,,0,,Furnished,Studio,Alexandria,Alexandria,Roushdy,31.22364,29.95021,Swimming Pool|Backup Generator|Gym|Maids Room,2026-06-11,Private Owner,2026-06-30T09:00:00
AQ100201,aqarmap,https://www.aqarmap.com/en/property/details-100201.html,"Unfurnished Penthouse for rent in Madinaty, New Cairo",50500,EGP,monthly,357,4,4,Unfurnished,Penthouse,Cairo,New Cairo,Madinaty,30.09844,31.63225,Parking|Kids Area|Security|Garden|Swimming Pool,2026-03-04,Nawy,2026-06-30T09:00:00
AQ100034,aqarmap,https://www.aqarmap.com/en/property/details-100034.html,"Furnished Villa for rent in 6th of October City, 6th of October",79000,EGP,monthly,428,,1,Furnished,Villa,Giza,6th of October,6th of October City,29.96752,30.94826,Central AC|Maids Room|Kids Area,2026-06-28,Nawy,2026-06-30T09:00:00
BA100043,bayut,https://www.bayut.eg/property/details-100043.html,"Semi-furnished Chalet for rent in Smouha, Alexandria",424,USD,monthly,116,2,2,Semi-furnished,Chalet,Alexandria,Alexandria,Smouha,31.21556,29.95107,Gym|Central AC,2026-03-26,Coldwell Banker,2026-06-30T09:00:00
BA100037,bayut,https://www.bayut.eg/property/details-100037.html,"Semi-furnished Penthouse for rent in Maadi, Cairo",64500,EGP,monthly,274 Sq. M.,5,3,Semi-furnished,Penthouse,Cairo,Cairo,Maadi,29.95767,31.26534,Kids Area|Security|Parking|Gym|Balcony|Backup Generator,2026-04-21,Aqarmap Agent,2026-06-30T09:00:00
AQ100254,aqarmap,https://www.aqarmap.com/en/property/details-100254.html,"Furnished Penthouse for rent in Dokki, Giza",40000,EGP,monthly,277,4,4,Furnished,Penthouse,Giza,Giza,Dokki,30.02824,31.21954,Balcony|Backup Generator|Garden|Maids Room|Elevator,2026-06-12,Coldwell Banker,2026-06-30T09:00:00
BA100370,bayut,https://www.bayut.eg/property/details-100370.html,"Furnished Chalet for rent in Madinaty, New Cairo",23000,EGP,monthly,142,2,1,Furnished,Chalet,Cairo,New Cairo,Madinaty,30.10185,31.63662,Swimming Pool|Maids Room|Parking,2026-06-19,Private Owner,2026-06-30T09:00:00
AQ100251,aqarmap,https://www.aqarmap.com/en/property/details-100251.html,"Furnished Duplex for rent in Sidi Gaber, Alexandria",29000,EGP,monthly,193,4,4,Furnished,Duplex,Alexandria,Alexandria,Sidi Gaber,31.21942,29.95121,Gym|Security|Elevator|Kids Area,2026-03-29,Bayut Verified,2026-06-30T09:00:00
BA100193,bayut,https://www.bayut.eg/property/details-100193.html,"Semi-furnished Townhouse for rent in Mokattam, Cairo",29500,EGP,monthly,200,3,1,Semi-furnished,Townhouse,Cairo,Cairo,Mokattam,30.02535,31.31474,Parking|Maids Room,2026-04-16,Nawy,2026-06-30T09:00:00
AQ100198,aqarmap,https://www.aqarmap.com/en/property/details-100198.html,"Semi-furnished Penthouse for rent in Heliopolis, Cairo",74500,EGP,monthly,348,3,3,Semi-furnished,Penthouse,Cairo,Cairo,Heliopolis,30.08743,31.32426,Security|Central AC|Balcony|Swimming Pool,2026-05-31,Private Owner,2026-06-30T09:00:00
BA100270,bayut,https://www.bayut.eg/property/details-100270.html,"Unfurnished Penthouse for rent in Fifth Settlement, New Cairo",869,USD,monthly,211 Sq. M.,3,3,Unfurnished,Penthouse,Cairo,New Cairo,Fifth Settlement,30.00645,31.48611,Elevator|Balcony|Swimming Pool|Security|Garden|Maids Room,2026-04-30,ERA Egypt,2026-06-30T09:00:00
BA100043,bayut,https://www.bayut.eg/property/details-100043.html,"Semi-furnished Chalet for rent in Smouha, Alexandria",424,USD,monthly,116,2,2,Semi-furnished,Chalet,Alexandria,Alexandria,Smouha,31.21556,29.95107,Gym|Central AC,2026-03-26,Coldwell Banker,2026-06-30T09:00:00
AQ100213,aqarmap,https://www.aqarmap.com/en/property/details-100213.html,"Furnished Studio for rent in Heliopolis, Cairo",13000,EGP,monthly,,,1,Furnished,Studio,Cairo,Cairo,Heliopolis,30.07898,31.31641,Elevator|Swimming Pool,2026-04-29,Bayut Verified,2026-06-30T09:00:00
AQ100300,aqarmap,https://www.aqarmap.com/en/property/details-100300.html,"Semi-furnished Chalet for rent in Smouha, Alexandria",17500,EGP,monthly,82,2,,Semi-furnished,Chalet,Alexandria,Alexandria,Smouha,31.21643,29.95071,Kids Area|Security|Swimming Pool|Parking|Maids Room,2026-05-09,Aqarmap Agent,2026-06-30T09:00:00
AQ100394,aqarmap,https://www.aqarmap.com/en/property/details-100394.html,"Furnished Duplex for rent in Mokattam, Cairo","26,500",EGP,monthly,182,,3,Furnished,Duplex,Cairo,Cairo,Mokattam,30.02678,31.31614,Maids Room|Garden,2026-06-08,Bayut Verified,2026-06-30T09:00:00
AQ100075,aqarmap,https://www.aqarmap.com/en/property/details-100075.html,"Semi-furnished Duplex for rent in Mokattam, Cairo",35500,EGP,monthly,312,4,1,Semi-furnished,Duplex,Cairo,Cairo,Mokattam,30.02729,31.30187,Built-in Kitchen|Kids Area|Security,2026-04-11,ERA Egypt,2026-06-30T09:00:00
BA100296,bayut,https://www.bayut.eg/property/details-100296.html,"Semi-furnished Apartment for rent in 6th of October City, 6th of October",19500,EGP,monthly,168,3,,Semi-furnished,Apartment,Giza,6th of October,6th of October City,29.96175,30.93395,Balcony|Swimming Pool|Built-in Kitchen|Parking|Maids Room|Gym,2026-06-21,Nawy,2026-06-30T09:00:00
BA100237,bayut,https://www.bayut.eg/property/details-100237.html,"Semi-furnished Duplex for rent in Miami, Alexandria",23000,EGP,monthly,181,3,3,Semi-furnished,Duplex,Alexandria,Alexandria,Miami,31.26388,30.02668,Central AC|Elevator|Security|Kids Area|Built-in Kitchen,2026-03-16,Bayut Verified,2026-06-30T09:00:00
AQ100362,aqarmap,https://www.aqarmap.com/en/property/details-100362.html,"Furnished Penthouse for rent in Smouha, Alexandria",90000,EGP,monthly,341,3,3,Furnished,Penthouse,Alexandria,Alexandria,Smouha,31.2063,29.93715,Central AC|Elevator,2026-05-09,Coldwell Banker,2026-06-30T09:00:00
BA100309,bayut,https://www.bayut.eg/property/details-100309.html,"Unfurnished Townhouse for rent in Gleem, Alexandria",40500,EGP,monthly,211,3,,Unfurnished,Townhouse,Alexandria,Alexandria,,31.25436,29.96619,Security|Gym|Kids Area|Maids Room|Central AC|Built-in Kitchen,2026-05-14,Private Owner,2026-06-30T09:00:00
BA100207,bayut,https://www.bayut.eg/property/details-100207.html,"Furnished Apartment for rent in Fifth Settlement, New Cairo",27000,EGP,monthly,103,3,3,Furnished,Apartment,Cairo,New Cairo,,30.00727,31.48814,Central AC|Garden|Kids Area|Elevator,2026-06-11,Nawy,2026-06-30T09:00:00
BA100116,bayut,https://www.bayut.eg/property/details-100116.html,"Semi-furnished Villa for rent in Zamalek, Cairo",125000,EGP,monthly,358,5,5,Semi-furnished,Villa,Cairo,Cairo,Zamalek,30.0712,31.21205,Gym|Elevator|Central AC,2026-05-05,Nawy,2026-06-30T09:00:00
BA100188,bayut,https://www.bayut.eg/property/details-100188.html,"Unfurnished Studio for rent in Gleem, Alexandria",9500,EGP,monthly,49,0,1,Unfurnished,Studio,Alexandria,Alexandria,Gleem,31.23686,29.96819,Maids Room|Elevator|Balcony|Kids Area|Built-in Kitchen|Security,2026-03-26,Coldwell Banker,2026-06-30T09:00:00
BA100051,bayut,https://www.bayut.eg/property/details-100051.html,"Unfurnished Chalet for rent in 6th of October City, 6th of October",13500,EGP,monthly,138,3,2,Unfurnished,Chalet,Giza,6th of October,,29.96974,30.94249,Parking|Kids Area,2026-05-14,Private Owner,2026-06-30T09:00:00
BA100151,bayut,https://www.bayut.eg/property/details-100151.html,"Furnished Chalet for rent in Nasr City, Cairo",16500,EGP,monthly,113,,2,Furnished,Chalet,Cairo,Cairo,,30.05405,31.36915,Backup Generator|Balcony|Maids Room|Elevator,2026-06-03,Bayut Verified,2026-06-30T09:00:00
BA100367,bayut,https://www.bayut.eg/property/details-100367.html,"Furnished Townhouse for rent in Zamalek, Cairo",140000,EGP,monthly,337,3,3,Furnished,Townhouse,Cairo,Cairo,Zamalek,30.05804,31.22271,Backup Generator|Central AC|Parking|Garden,2026-04-05,Coldwell Banker,2026-06-30T09:00:00
AQ100379,aqarmap,https://www.aqarmap.com/en/property/details-100379.html,"Unfurnished Studio for rent in Maadi, Cairo",182,USD,monthly,45,0,1,Unfurnished,Studio,Cairo,Cairo,Maadi,29.9603,31.2601,Backup Generator|Garden,2026-04-04,Coldwell Banker,2026-06-30T09:00:00
BA100040,bayut,https://www.bayut.eg/property/details-100040.html,"Furnished Townhouse for rent in 6th of October City, 6th of October","52,500",EGP,monthly,324 Sq. M.,3,1,Furnished,Townhouse,Giza,6th of October,6th of October City,29.96468,30.93497,Central AC|Security,2026-03-27,Bayut Verified,2026-06-30T09:00:00
AQ100285,aqarmap,https://www.aqarmap.com/en/property/details-100285.html,"Semi-furnished Chalet for rent in Roushdy, Alexandria",727,USD,monthly,148,2,2,Semi-furnished,Chalet,Alexandria,Alexandria,Roushdy,31.22496,29.95982,Central AC|Built-in Kitchen|Maids Room,2026-06-28,Nawy,2026-06-30T09:00:00
AQ100047,aqarmap,https://www.aqarmap.com/en/property/details-100047.html,"Semi-furnished Chalet for rent in Mokattam, Cairo","17,000",EGP,monthly,126 Sq. M.,2,2,Semi-furnished,Chalet,Cairo,Cairo,Mokattam,30.0188,31.30244,Parking|Backup Generator|Swimming Pool|Elevator|Maids Room,2026-05-11,Nawy,2026-06-30T09:00:00
BA100332,bayut,https://www.bayut.eg/property/details-100332.html,"Semi-furnished Chalet for rent in Maadi, Cairo",747,USD,monthly,155,3,1,Semi-furnished,Chalet,Cairo,Cairo,Maadi,29.95245,31.25387,Balcony|Central AC,2026-04-29,Aqarmap Agent,2026-06-30T09:00:00
AQ100069,aqarmap,https://www.aqarmap.com/en/property/details-100069.html,"Semi-furnished Penthouse for rent in Miami, Alexandria",32500,EGP,monthly,264,,2,Semi-furnished,Penthouse,Alexandria,Alexandria,Miami,31.26249,30.01736,Kids Area|Central AC|Balcony|Garden|Security,2026-05-19,Private Owner,2026-06-30T09:00:00
AQ100271,aqarmap,https://www.aqarmap.com/en/property/details-100271.html,"Furnished Studio for rent in Sidi Gaber, Alexandria",12000,EGP,monthly,67,0,1,Furnished,Studio,Alexandria,Alexandria,,31.22508,29.93203,Balcony|Garden,2026-05-14,Aqarmap Agent,2026-06-30T09:00:00
AQ100313,aqarmap,https://www.aqarmap.com/en/property/details-100313.html,"Unfurnished Penthouse for rent in Smouha, Alexandria","51,500",EGP,monthly,360,4,4,Unfurnished,Penthouse,Alexandria,Alexandria,Smouha,31.22195,29.953,Security|Swimming Pool|Elevator|Gym|Garden|Balcony,2026-05-04,Coldwell Banker,2026-06-30T09:00:00
BA100099,bayut,https://www.bayut.eg/property/details-100099.html,"Semi-furnished Chalet for rent in Madinaty, New Cairo","222,000",EGP,yearly,165,2,1,Semi-furnished,Chalet,Cairo,New Cairo,Madinaty,30.09437,31.62912,Built-in Kitchen|Backup Generator,2026-06-11,Bayut Verified,2026-06-30T09:00:00
BA100335,bayut,https://www.bayut.eg/property/details-100335.html,"Unfurnished Studio for rent in Faisal, Giza",42000,EGP,yearly,58,0,1,Unfurnished,Studio,Giza,Giza,Faisal,29.9863,31.15719,Balcony|Gym|Parking|Built-in Kitchen,2026-05-06,Coldwell Banker,2026-06-30T09:00:00
BA100317,bayut,https://www.bayut.eg/property/details-100317.html,"Unfurnished Duplex for rent in Sheikh Zayed, 6th of October",59000,EGP,monthly,330 Sq. M.,5,4,Unfurnished,Duplex,Giza,6th of October,,30.03422,30.96756,Gym|Backup Generator|Parking|Balcony|Elevator|Central AC,2026-03-05,Private Owner,2026-06-30T09:00:00
AQ100130,aqarmap,https://www.aqarmap.com/en/property/details-100130.html,"Unfurnished Studio for rent in Haram, Giza",4000,EGP,monthly,52,0,,Unfurnished,Studio,Giza,Giza,Haram,29.99898,31.16654,Swimming Pool|Maids Room,2026-06-30,ERA Egypt,2026-06-30T09:00:00
BA100112,bayut,https://www.bayut.eg/property/details-100112.html,"Semi-furnished Villa for rent in 6th of October City, 6th of October",72500,EGP,monthly,518,5,2,Semi-furnished,Villa,Giza,6th of October,6th of October City,29.97075,30.95066,Built-in Kitchen|Balcony|Backup Generator|Elevator|Swimming Pool,2026-05-11,ERA Egypt,2026-06-30T09:00:00
BA100373,bayut,https://www.bayut.eg/property/details-100373.html,"Furnished Penthouse for rent in Mohandessin, Giza",1495,USD,monthly,325,4,4,Furnished,Penthouse,Giza,Giza,Mohandessin,30.04788,31.19873,Kids Area|Garden|Maids Room|Central AC,2026-05-12,Bayut Verified,2026-06-30T09:00:00
AQ100280,aqarmap,https://www.aqarmap.com/en/property/details-100280.html,"Furnished Townhouse for rent in Faisal, Giza","32,000",EGP,monthly,306,4,3,Furnished,Townhouse,Giza,Giza,Faisal,29.98079,31.15174,Security|Swimming Pool,2026-03-08,Nawy,2026-06-30T09:00:00
BA100131,bayut,https://www.bayut.eg/property/details-100131.html,"Semi-furnished Chalet for rent in Mokattam, Cairo",19000,EGP,monthly,146,3,3,Semi-furnished,Chalet,Cairo,Cairo,Mokattam,30.02774,31.30789,Built-in Kitchen|Elevator|Balcony|Security|Swimming Pool|Maids Room,2026-04-27,Nawy,2026-06-30T09:00:00
AQ100232,aqarmap,https://www.aqarmap.com/en/property/details-100232.html,"Unfurnished Apartment for rent in Maadi, Cairo",29500,EGP,monthly,201,2,2,Unfurnished,Apartment,Cairo,Cairo,,29.96253,31.24925,Swimming Pool|Elevator|Built-in Kitchen,2026-05-04,Nawy,2026-06-30T09:00:00
BA100356,bayut,https://www.bayut.eg/property/details-100356.html,"Unfurnished Duplex for rent in Sheikh Zayed, 6th of October",1101,USD,monthly,268,4,4,Unfurnished,Duplex,Giza,6th of October,Sheikh Zayed,30.04731,30.97055,Central AC|Swimming Pool|Maids Room,2026-03-25,Aqarmap Agent,2026-06-30T09:00:00
BA100290,bayut,https://www.bayut.eg/property/details-100290.html,"Unfurnished Townhouse for rent in Smouha, Alexandria",889,USD,monthly,226,4,4,Unfurnished,Townhouse,Alexandria,Alexandria,Smouha,31.21783,29.95085,Parking|Garden|Swimming Pool,2026-05-10,Nawy,2026-06-30T09:00:00
BA100334,bayut,https://www.bayut.eg/property/details-100334.html,"Unfurnished Townhouse for rent in Zamalek, Cairo",107000,EGP,monthly,343 Sq. M.,3,2,Unfurnished,Townhouse,Cairo,Cairo,Zamalek,30.06641,31.22005,Parking|Backup Generator,2026-04-25,Aqarmap Agent,2026-06-30T09:00:00
AQ100189,aqarmap,https://www.aqarmap.com/en/property/details-100189.html,"Semi-furnished Studio for rent in Sidi Gaber, Alexandria",8500,EGP,monthly,65,0,,Semi-furnished,Studio,Alexandria,Alexandria,Sidi Gaber,31.21616,29.93211,Built-in Kitchen|Maids Room,2026-05-25,Coldwell Banker,2026-06-30T09:00:00
AQ100252,aqarmap,https://www.aqarmap.com/en/property/details-100252.html,"Semi-furnished Chalet for rent in Sheikh Zayed, 6th of October",26500,EGP,monthly,159,2,2,Semi-furnished,Chalet,Giza,6th of October,Sheikh Zayed,30.03265,30.97162,Elevator|Parking|Built-in Kitchen|Security,2026-05-26,Aqarmap Agent,2026-06-30T09:00:00
BA100177,bayut,https://www.bayut.eg/property/details-100177.html,"Semi-furnished Penthouse for rent in El Shorouk, Shorouk",36500,EGP,monthly,299,4,4,Semi-furnished,Penthouse,Cairo,Shorouk,El Shorouk,30.12812,31.62171,Garden|Maids Room,2026-06-30,Coldwell Banker,2026-06-30T09:00:00
BA100015,bayut,https://www.bayut.eg/property/details-100015.html,"Unfurnished Duplex for rent in Rehab, New Cairo",22500,EGP,monthly,233,5,2,Unfurnished,Duplex,Cairo,New Cairo,Rehab,30.06732,31.48603,Security|Balcony|Elevator,2026-05-09,ERA Egypt,2026-06-30T09:00:00
BA100377,bayut,https://www.bayut.eg/property/details-100377.html,"Furnished Duplex for rent in Heliopolis, Cairo",1586,USD,monthly,284 Sq. M.,,4,Furnished,Duplex,Cairo,Cairo,Heliopolis,30.08354,31.31884,Swimming Pool|Central AC|Backup Generator|Parking|Elevator|Built-in Kitchen,2026-05-13,Nawy,2026-06-30T09:00:00
BA100229,bayut,https://www.bayut.eg/property/details-100229.html,"Unfurnished Townhouse for rent in Dokki, Giza",27500,EGP,monthly,280,4,1,Unfurnished,Townhouse,Giza,Giza,Dokki,30.03837,31.20891,Maids Room|Balcony,2026-03-10,Aqarmap Agent,2026-06-30T09:00:00
BA100344,bayut,https://www.bayut.eg/property/details-100344.html,"Semi-furnished Studio for rent in 6th of October City, 6th of October","84,000",EGP,yearly,63 Sq. M.,0,,Semi-furnished,Studio,Giza,6th of October,6th of October City,29.97556,30.94148,Swimming Pool|Kids Area,2026-03-28,ERA Egypt,2026-06-30T09:00:00
BA100033,bayut,https://www.bayut.eg/property/details-100033.html,"Unfurnished Penthouse for rent in Heliopolis, Cairo","35,500",EGP,monthly,229,,2,Unfurnished,Penthouse,Cairo,Cairo,Heliopolis,30.09385,31.3239,Gym|Central AC|Parking|Backup Generator|Kids Area|Garden,2026-06-23,Private Owner,2026-06-30T09:00:00
BA100178,bayut,https://www.bayut.eg/property/details-100178.html,"Furnished Penthouse for rent in Fifth Settlement, New Cairo",63000,EGP,monthly,240,,2,Furnished,Penthouse,Cairo,New Cairo,,30.00336,31.49904,Elevator|Maids Room|Backup Generator|Security,2026-05-24,Coldwell Banker,2026-06-30T09:00:00
AQ100070,aqarmap,https://www.aqarmap.com/en/property/details-100070.html,"Semi-furnished Villa for rent in Haram, Giza",25500,EGP,monthly,,6,3,Semi-furnished,Villa,Giza,Giza,Haram,29.98533,31.16088,Elevator|Garden|Built-in Kitchen|Balcony|Gym,2026-05-04,Bayut Verified,2026-06-30T09:00:00
BA100128,bayut,https://www.bayut.eg/property/details-100128.html,"Furnished Studio for rent in Roushdy, Alexandria",7500,EGP,monthly,40,,1,Furnished,Studio,Alexandria,Alexandria,Roushdy,31.22906,29.96428,Swimming Pool|Garden|Kids Area|Balcony|Backup Generator,2026-06-08,Nawy,2026-06-30T09:00:00
BA100357,bayut,https://www.bayut.eg/property/details-100357.html,"Semi-furnished Penthouse for rent in Heliopolis, Cairo",75500,EGP,monthly,378,4,,Semi-furnished,Penthouse,Cairo,Cairo,Heliopolis,30.08411,31.32676,Backup Generator|Garden|Kids Area|Swimming Pool|Balcony,2026-04-18,Private Owner,2026-06-30T09:00:00
AQ100005,aqarmap,https://www.aqarmap.com/en/property/details-100005.html,"Furnished Villa for rent in El Shorouk, Shorouk",50500,EGP,monthly,305,6,6,Furnished,Villa,Cairo,Shorouk,El Shorouk,30.11523,31.6187,Elevator|Gym|Maids Room|Security|Parking,2026-04-09,Bayut Verified,2026-06-30T09:00:00
BA100393,bayut,https://www.bayut.eg/property/details-100393.html,"Semi-furnished Villa for rent in Roushdy, Alexandria",1146000,EGP,yearly,383,5,2,Semi-furnished,Villa,Alexandria,Alexandria,,31.21955,29.94849,Backup Generator|Maids Room,2026-04-14,Private Owner,2026-06-30T09:00:00
BA100128,bayut,https://www.bayut.eg/property/details-100128.html,"Furnished Studio for rent in Roushdy, Alexandria",7500,EGP,monthly,40,,1,Furnished,Studio,Alexandria,Alexandria,Roushdy,31.22906,29.96428,Swimming Pool|Garden|Kids Area|Balcony|Backup Generator,2026-06-08,Nawy,2026-06-30T09:00:00
BA100337,bayut,https://www.bayut.eg/property/details-100337.html,"Furnished Duplex for rent in Rehab, New Cairo","45,500",EGP,monthly,298,5,4,Furnished,Duplex,Cairo,New Cairo,Rehab,30.05418,31.50057,Swimming Pool|Maids Room,2026-03-09,Bayut Verified,2026-06-30T09:00:00
BA100391,bayut,https://www.bayut.eg/property/details-100391.html,"Unfurnished Apartment for rent in Faisal, Giza",13500,EGP,monthly,163,3,3,Unfurnished,Apartment,Giza,Giza,,29.99176,31.15325,Swimming Pool|Elevator,2026-04-26,ERA Egypt,2026-06-30T09:00:00
BA100123,bayut,https://www.bayut.eg/property/details-100123.html,"Semi-furnished Villa for rent in Zamalek, Cairo",4283,USD,monthly,673 Sq. M.,5,,Semi-furnished,Villa,Cairo,Cairo,Zamalek,30.06247,31.222,Gym|Elevator|Kids Area|Swimming Pool|Maids Room|Garden,2026-06-20,Private Owner,2026-06-30T09:00:00
AQ100017,aqarmap,https://www.aqarmap.com/en/property/details-100017.html,"Furnished Duplex for rent in Miami, Alexandria",354000,EGP,yearly,187,3,3,Furnished,Duplex,Alexandria,Alexandria,,31.26691,30.02573,Built-in Kitchen|Maids Room|Parking|Balcony|Swimming Pool,2026-04-15,Nawy,2026-06-30T09:00:00
BA100111,bayut,https://www.bayut.eg/property/details-100111.html,"Semi-furnished Penthouse for rent in 6th of October City, 6th of October",33000,EGP,monthly,252,5,4,Semi-furnished,Penthouse,Giza,6th of October,,29.96201,30.9492,Elevator|Garden,2026-05-21,Bayut Verified,2026-06-30T09:00:00
BA100030,bayut,https://www.bayut.eg/property/details-100030.html,"Semi-furnished Apartment for rent in Mohandessin, Giza",424,USD,monthly,128,2,2,Semi-furnished,Apartment,Giza,Giza,Mohandessin,30.05676,31.20506,Elevator|Built-in Kitchen,2026-03-02,Nawy,2026-06-30T09:00:00
BA100004,bayut,https://www.bayut.eg/property/details-100004.html,"Unfurnished Apartment for rent in El Shorouk, Shorouk",15000,EGP,monthly,121,4,3,Unfurnished,Apartment,Cairo,Shorouk,El Shorouk,30.12319,31.61182,Parking|Security,2026-06-02,Bayut Verified,2026-06-30T09:00:00
BA100161,bayut,https://www.bayut.eg/property/details-100161.html,"Unfurnished Townhouse for rent in Sidi Gaber, Alexandria",31500,EGP,monthly,326,3,1,Unfurnished,Townhouse,Alexandria,Alexandria,Sidi Gaber,31.22014,29.95155,Central AC|Elevator|Parking|Security,2026-04-09,Coldwell Banker,2026-06-30T09:00:00
BA100244,bayut,https://www.bayut.eg/property/details-100244.html,"Furnished Chalet for rent in 6th of October City, 6th of October",15000,EGP,monthly,121,3,2,Furnished,Chalet,Giza,6th of October,6th of October City,29.96165,30.93997,Security|Maids Room|Parking|Balcony|Built-in Kitchen|Kids Area,2026-03-14,Aqarmap Agent,2026-06-30T09:00:00
AQ100287,aqarmap,https://www.aqarmap.com/en/property/details-100287.html,"Furnished Chalet for rent in Zamalek, Cairo","390,000",EGP,yearly,95 Sq. M.,2,2,Furnished,Chalet,Cairo,Cairo,Zamalek,30.07038,31.21696,Maids Room|Built-in Kitchen|Swimming Pool,2026-03-14,Aqarmap Agent,2026-06-30T09:00:00
BA100088,bayut,https://www.bayut.eg/property/details-100088.html,"Furnished Studio for rent in Mokattam, Cairo",8000,EGP,monthly,54,0,1,Furnished,Studio,Cairo,Cairo,Mokattam,30.02023,31.30719,Elevator|Backup Generator|Parking,2026-04-17,Private Owner,2026-06-30T09:00:00
BA100279,bayut,https://www.bayut.eg/property/details-100279.html,"Unfurnished Studio for rent in Fifth Settlement, New Cairo",11500,EGP,monthly,66,0,,Unfurnished,Studio,Cairo,New Cairo,Fifth Settlement,30.01557,31.48852,Kids Area|Balcony|Garden,2026-04-26,Private Owner,2026-06-30T09:00:00
AQ100216,aqarmap,https://www.aqarmap.com/en/property/details-100216.html,"Furnished Villa for rent in 6th of October City, 6th of October",61500,EGP,monthly,423,6,5,Furnished,Villa,Giza,6th of October,6th of October City,29.96495,30.94094,Gym|Built-in Kitchen,2026-05-15,Coldwell Banker,2026-06-30T09:00:00
AQ100299,aqarmap,https://www.aqarmap.com/en/property/details-100299.html,"Furnished Apartment for rent in Dokki, Giza",14000,EGP,monthly,104,2,2,Furnished,Apartment,Giza,Giza,Dokki,30.03644,31.21911,Security|Gym|Kids Area,2026-04-20,Coldwell Banker,2026-06-30T09:00:00
BA100234,bayut,https://www.bayut.eg/property/details-100234.html,"Furnished Studio for rent in Madinaty, New Cairo",5500,EGP,monthly,44,,1,Furnished,Studio,Cairo,New Cairo,Madinaty,30.10933,31.63499,Elevator|Parking|Gym|Garden,2026-04-02,Nawy,2026-06-30T09:00:00
AQ100376,aqarmap,https://www.aqarmap.com/en/property/details-100376.html,"Furnished Studio for rent in Sheikh Zayed, 6th of October",9500,EGP,monthly,48 Sq. M.,0,1,Furnished,Studio,Giza,6th of October,Sheikh Zayed,30.04466,30.96941,Security|Kids Area|Swimming Pool|Central AC,2026-05-08,ERA Egypt,2026-06-30T09:00:00
BA100182,bayut,https://www.bayut.eg/property/details-100182.html,"Furnished Villa for rent in Sidi Gaber, Alexandria",79500,EGP,monthly,507,6,2,Furnished,Villa,Alexandria,Alexandria,Sidi Gaber,31.21832,29.93647,Kids Area|Gym|Security|Central AC|Parking|Swimming Pool,2026-05-01,Nawy,2026-06-30T09:00:00
BA100318,bayut,https://www.bayut.eg/property/details-100318.html,"Unfurnished Townhouse for rent in Gleem, Alexandria",63500,EGP,monthly,324,4,3,Unfurnished,Townhouse,Alexandria,Alexandria,Gleem,31.2375,29.95528,Elevator|Swimming Pool,2026-05-23,Coldwell Banker,2026-06-30T09:00:00
AQ100260,aqarmap,https://www.aqarmap.com/en/property/details-100260.html,"Unfurnished Townhouse for rent in 6th of October City, 6th of October",40000,EGP,monthly,277,4,1,Unfurnished,Townhouse,Giza,6th of October,6th of October City,29.95761,30.94219,Backup Generator|Swimming Pool|Security|Maids Room,2026-03-13,Coldwell Banker,2026-06-30T09:00:00
BA100246,bayut,https://www.bayut.eg/property/details-100246.html,"Semi-furnished Studio for rent in Dokki, Giza",72000,EGP,yearly,44,0,1,Semi-furnished,Studio,Giza,Giza,Dokki,30.04575,31.21907,Security|Backup Generator,2026-03-18,ERA Egypt,2026-06-30T09:00:00
BA100032,bayut,https://www.bayut.eg/property/details-100032.html,"Unfurnished Chalet for rent in Zamalek, Cairo",535,USD,monthly,106 Sq. M.,2,2,Unfurnished,Chalet,Cairo,Cairo,Zamalek,30.05957,31.22379,Gym|Elevator|Swimming Pool|Kids Area|Maids Room,2026-06-10,Bayut Verified,2026-06-30T09:00:00
BA100011,bayut,https://www.bayut.eg/property/details-100011.html,"Unfurnished Studio for rent in Roushdy, Alexandria",7500,EGP,monthly,49,0,1,Unfurnished,Studio,Alexandria,Alexandria,Roushdy,31.22958,29.94679,Balcony|Backup Generator,2026-03-02,Aqarmap Agent,2026-06-30T09:00:00
BA100039,bayut,https://www.bayut.eg/property/details-100039.html,"Furnished Apartment for rent in Rehab, New Cairo",27500,EGP,monthly,154,4,3,Furnished,Apartment,Cairo,New Cairo,Rehab,30.06325,31.4895,Parking|Central AC|Gym,2026-05-03,Nawy,2026-06-30T09:00:00
BA100265,bayut,https://www.bayut.eg/property/details-100265.html,"Unfurnished Apartment for rent in Maadi, Cairo",394,USD,monthly,108 Sq. M.,4,3,Unfurnished,Apartment,Cairo,Cairo,Maadi,29.96193,31.26124,Parking|Backup Generator|Gym|Garden|Balcony|Elevator,2026-04-03,Aqarmap Agent,2026-06-30T09:00:00
BA100383,bayut,https://www.bayut.eg/property/details-100383.html,"Semi-furnished Villa for rent in Zamalek, Cairo",41939,USD,yearly,488,4,3,Semi-furnished,Villa,Cairo,Cairo,Zamalek,30.06834,31.2296,Garden|Backup Generator|Security|Maids Room,2026-04-23,Bayut Verified,2026-06-30T09:00:00
BA100278,bayut,https://www.bayut.eg/property/details-100278.html,"Unfurnished Chalet for rent in Maadi, Cairo",276000,EGP,yearly,152,3,2,Unfurnished,Chalet,Cairo,Cairo,,29.95616,31.25493,Central AC|Garden|Parking,2026-04-05,Nawy,2026-06-30T09:00:00
AQ100310,aqarmap,https://www.aqarmap.com/en/property/details-100310.html,"Semi-furnished Penthouse for rent in Maadi, Cairo","50,000",EGP,monthly,271,5,3,Semi-furnished,Penthouse,Cairo,Cairo,Maadi,29.96034,31.25562,Garden|Central AC|Security,2026-03-25,Aqarmap Agent,2026-06-30T09:00:00
AQ100262,aqarmap,https://www.aqarmap.com/en/property/details-100262.html,"Unfurnished Penthouse for rent in Roushdy, Alexandria",846000,EGP,yearly,373,5,,Unfurnished,Penthouse,Alexandria,Alexandria,Roushdy,31.23108,29.95542,Elevator|Swimming Pool|Security|Kids Area|Built-in Kitchen|Garden,2026-06-12,Coldwell Banker,2026-06-30T09:00:00
BA100264,bayut,https://www.bayut.eg/property/details-100264.html,"Furnished Apartment for rent in Faisal, Giza",16000,EGP,monthly,208,4,1,Furnished,Apartment,Giza,Giza,Faisal,29.97831,31.14974,Elevator|Security,2026-03-23,Coldwell Banker,2026-06-30T09:00:00
AQ100077,aqarmap,https://www.aqarmap.com/en/property/details-100077.html,"Furnished Chalet for rent in 6th of October City, 6th of October",20500,EGP,monthly,120,3,2,Furnished,Chalet,Giza,6th of October,6th of October City,29.95845,30.94199,Parking|Elevator|Gym,2026-05-31,Private Owner,2026-06-30T09:00:00
AQ100087,aqarmap,https://www.aqarmap.com/en/property/details-100087.html,"Unfurnished Chalet for rent in Heliopolis, Cairo",17000,EGP,monthly,94 Sq. M.,3,1,Unfurnished,Chalet,Cairo,Cairo,Heliopolis,30.09382,31.32336,Security|Built-in Kitchen|Balcony,2026-03-28,Private Owner,2026-06-30T09:00:00
BA100158,bayut,https://www.bayut.eg/property/details-100158.html,"Furnished Duplex for rent in Smouha, Alexandria",47500,EGP,monthly,,3,3,Furnished,Duplex,Alexandria,Alexandria,Smouha,31.21479,29.93638,Kids Area|Backup Generator|Elevator|Balcony,2026-03-29,Bayut Verified,2026-06-30T09:00:00
AQ100139,aqarmap,https://www.aqarmap.com/en/property/details-100139.html,"Semi-furnished Townhouse for rent in Mohandessin, Giza","57,000",EGP,monthly,301,3,3,Semi-furnished,Townhouse,Giza,Giza,Mohandessin,30.05698,31.19348,Kids Area|Built-in Kitchen|Garden|Swimming Pool|Security|Maids Room,2026-05-06,Nawy,2026-06-30T09:00:00
AQ100319,aqarmap,https://www.aqarmap.com/en/property/details-100319.html,"Furnished Studio for rent in Heliopolis, Cairo",273,USD,monthly,57 Sq. M.,0,1,Furnished,Studio,Cairo,Cairo,Heliopolis,30.09728,31.32143,Built-in Kitchen|Swimming Pool|Backup Generator|Gym|Balcony,2026-06-11,Coldwell Banker,2026-06-30T09:00:00
AQ100025,aqarmap,https://www.aqarmap.com/en/property/details-100025.html,"Furnished Apartment for rent in Mokattam, Cairo",25000,EGP,monthly,,2,2,Furnished,Apartment,Cairo,Cairo,Mokattam,30.02899,31.31534,Built-in Kitchen|Kids Area|Parking,2026-06-03,ERA Egypt,2026-06-30T09:00:00
BA100236,bayut,https://www.bayut.eg/property/details-100236.html,"Unfurnished Penthouse for rent in Smouha, Alexandria",828,USD,monthly,246,,2,Unfurnished,Penthouse,Alexandria,Alexandria,Smouha,31.21775,29.93715,Balcony|Kids Area|Elevator|Garden|Maids Room|Gym,2026-05-02,Bayut Verified,2026-06-30T09:00:00
AQ100114,aqarmap,https://www.aqarmap.com/en/property/details-100114.html,"Unfurnished Studio for rent in Sheikh Zayed, 6th of October","7,500",EGP,monthly,49,0,,Unfurnished,Studio,Giza,6th of October,,30.03846,30.97573,Kids Area|Backup Generator|Security|Maids Room|Built-in Kitchen|Swimming Pool,2026-04-18,Nawy,2026-06-30T09:00:00
AQ100180,aqarmap,https://www.aqarmap.com/en/property/details-100180.html,"Furnished Duplex for rent in 6th of October City, 6th of October",29500,EGP,monthly,212,5,2,Furnished,Duplex,Giza,6th of October,,29.96257,30.94619,Security|Built-in Kitchen|Backup Generator|Garden|Maids Room|Swimming Pool,2026-04-29,ERA Egypt,2026-06-30T09:00:00
AQ100269,aqarmap,https://www.aqarmap.com/en/property/details-100269.html,"Unfurnished Apartment for rent in Gleem, Alexandria",504000,EGP,yearly,191,4,2,Unfurnished,Apartment,Alexandria,Alexandria,Gleem,31.25224,29.95933,Central AC|Gym|Elevator|Balcony|Swimming Pool,2026-03-13,ERA Egypt,2026-06-30T09:00:00
AQ100048,aqarmap,https://www.aqarmap.com/en/property/details-100048.html,"Unfurnished Chalet for rent in Heliopolis, Cairo",15500,EGP,monthly,109,,1,Unfurnished,Chalet,Cairo,Cairo,Heliopolis,30.09397,31.3142,Security|Elevator,2026-06-14,Nawy,2026-06-30T09:00:00
BA100209,bayut,https://www.bayut.eg/property/details-100209.html,"Semi-furnished Townhouse for rent in Rehab, New Cairo",47500,EGP,monthly,,3,3,Semi-furnished,Townhouse,Cairo,New Cairo,Rehab,30.06827,31.48602,Garden|Elevator|Security|Gym|Parking,2026-03-12,Private Owner,2026-06-30T09:00:00
AQ100167,aqarmap,https://www.aqarmap.com/en/property/details-100167.html,"Furnished Villa for rent in Sheikh Zayed, 6th of October",2182,USD,monthly,567 Sq. M.,,5,Furnished,Villa,Giza,6th of October,Sheikh Zayed,30.03214,30.97822,Parking|Balcony|Swimming Pool,2026-03-31,Private Owner,2026-06-30T09:00:00
BA100226,bayut,https://www.bayut.eg/property/details-100226.html,"Semi-furnished Villa for rent in Sidi Gaber, Alexandria",93000,EGP,monthly,650 Sq. M.,4,2,Semi-furnished,Villa,Alexandria,Alexandria,Sidi Gaber,31.22412,29.9433,Garden|Parking|Maids Room,2026-05-06,Aqarmap Agent,2026-06-30T09:00:00
AQ100233,aqarmap,https://www.aqarmap.com/en/property/details-100233.html,"Semi-furnished Villa for rent in Heliopolis, Cairo",1524000,EGP,yearly,637 Sq. M.,5,4,Semi-furnished,Villa,Cairo,Cairo,Heliopolis,30.0904,31.32315,Elevator|Security|Backup Generator,2026-03-10,Coldwell Banker,2026-06-30T09:00:00
AQ100247,aqarmap,https://www.aqarmap.com/en/property/details-100247.html,"Unfurnished Villa for rent in Sheikh Zayed, 6th of October",1722000,EGP,yearly,647,5,,Unfurnished,Villa,Giza,6th of October,,30.04695,30.98305,Garden|Maids Room,2026-06-29,Coldwell Banker,2026-06-30T09:00:00
AQ100150,aqarmap,https://www.aqarmap.com/en/property/details-100150.html,"Semi-furnished Chalet for rent in Heliopolis, Cairo",14500,EGP,monthly,87,2,1,Semi-furnished,Chalet,Cairo,Cairo,Heliopolis,30.0881,31.32471,Backup Generator|Elevator,2026-05-14,ERA Egypt,2026-06-30T09:00:00
BA100366,bayut,https://www.bayut.eg/property/details-100366.html,"Furnished Penthouse for rent in Dokki, Giza",33000,EGP,monthly,230 Sq. M.,3,2,Furnished,Penthouse,Giza,Giza,Dokki,30.03578,31.21018,Backup Generator|Gym,2026-05-21,Bayut Verified,2026-06-30T09:00:00
BA100326,bayut,https://www.bayut.eg/property/details-100326.html,"Semi-furnished Studio for rent in Roushdy, Alexandria",8500,EGP,monthly,43,0,1,Semi-furnished,Studio,Alexandria,Alexandria,Roushdy,31.2312,29.95883,Elevator|Backup Generator|Maids Room|Gym|Balcony|Swimming Pool,2026-05-11,Bayut Verified,2026-06-30T09:00:00
AQ100267,aqarmap,https://www.aqarmap.com/en/property/details-100267.html,"Semi-furnished Villa for rent in Rehab, New Cairo",52000,EGP,monthly,390,,1,Semi-furnished,Villa,Cairo,New Cairo,Rehab,30.05718,31.49624,Swimming Pool|Parking|Garden|Kids Area,2026-05-05,Coldwell Banker,2026-06-30T09:00:00
BA100054,bayut,https://www.bayut.eg/property/details-100054.html,"Unfurnished Apartment for rent in 6th of October City, 6th of October",17000,EGP,monthly,137 Sq. M.,3,3,Unfurnished,Apartment,Giza,6th of October,6th of October City,29.96948,30.93844,Central AC|Built-in Kitchen|Kids Area|Balcony|Gym,2026-03-26,ERA Egypt,2026-06-30T09:00:00
AQ100044,aqarmap,https://www.aqarmap.com/en/property/details-100044.html,"Unfurnished Chalet for rent in Maadi, Cairo",32000,EGP,monthly,149,3,3,Unfurnished,Chalet,Cairo,Cairo,Maadi,29.96935,31.2528,Parking|Central AC|Kids Area|Security,2026-03-17,ERA Egypt,2026-06-30T09:00:00
BA100196,bayut,https://www.bayut.eg/property/details-100196.html,"Semi-furnished Duplex for rent in Sidi Gaber, Alexandria",33000,EGP,monthly,226 Sq. M.,5,2,Semi-furnished,Duplex,Alexandria,Alexandria,Sidi Gaber,31.21558,29.9487,Garden|Security|Parking|Built-in Kitchen|Maids Room|Kids Area,2026-05-28,Bayut Verified,2026-06-30T09:00:00
BA100107,bayut,https://www.bayut.eg/property/details-100107.html,"Semi-furnished Duplex for rent in Dokki, Giza",35500,EGP,monthly,277,4,4,Semi-furnished,Duplex,Giza,Giza,Dokki,30.03401,31.21306,Central AC|Garden|Security,2026-04-15,Private Owner,2026-06-30T09:00:00
AQ100141,aqarmap,https://www.aqarmap.com/en/property/details-100141.html,"Furnished Penthouse for rent in Rehab, New Cairo","56,000",EGP,monthly,312,5,4,Furnished,Penthouse,Cairo,New Cairo,Rehab,30.05083,31.49089,Backup Generator|Kids Area|Swimming Pool|Security|Central AC|Elevator,2026-04-22,Coldwell Banker,2026-06-30T09:00:00
BA100359,bayut,https://www.bayut.eg/property/details-100359.html,"Unfurnished Duplex for rent in Dokki, Giza",27500,EGP,monthly,232,3,3,Unfurnished,Duplex,Giza,Giza,Dokki,30.03454,31.2192,Security|Parking|Kids Area|Maids Room|Balcony,2026-06-29,Private Owner,2026-06-30T09:00:00
AQ100190,aqarmap,https://www.aqarmap.com/en/property/details-100190.html,"Unfurnished Townhouse for rent in Haram, Giza",24000,EGP,monthly,349,4,,Unfurnished,Townhouse,Giza,Giza,Haram,29.9971,31.16026,Central AC|Security|Garden|Maids Room|Kids Area|Backup Generator,2026-04-04,Nawy,2026-06-30T09:00:00
BA100185,bayut,https://www.bayut.eg/property/details-100185.html,"Semi-furnished Studio for rent in Gleem, Alexandria",242,USD,monthly,70,0,1,Semi-furnished,Studio,Alexandria,Alexandria,Gleem,31.23874,29.96224,Backup Generator|Swimming Pool,2026-06-03,Private Owner,2026-06-30T09:00:00
AQ100184,aqarmap,https://www.aqarmap.com/en/property/details-100184.html,"Unfurnished Townhouse for rent in Rehab, New Cairo",30000,EGP,monthly,282,3,3,Unfurnished,Townhouse,Cairo,New Cairo,Rehab,30.05611,31.49437,Maids Room|Gym,2026-04-08,Private Owner,2026-06-30T09:00:00
BA100390,bayut,https://www.bayut.eg/property/details-100390.html,"Unfurnished Studio for rent in 6th of October City, 6th of October",4000,EGP,monthly,40,0,1,Unfurnished,Studio,Giza,6th of October,,29.95769,30.93549,Garden|Maids Room|Security|Balcony,2026-03-14,Bayut Verified,2026-06-30T09:00:00
BA100066,bayut,https://www.bayut.eg/property/details-100066.html,"Unfurnished Chalet for rent in Maadi, Cairo",495,USD,monthly,170,3,2,Unfurnished,Chalet,Cairo,Cairo,Maadi,29.96098,31.26144,Balcony|Parking|Gym|Swimming Pool|Built-in Kitchen|Elevator,2026-03-16,Coldwell Banker,2026-06-30T09:00:00
BA100361,bayut,https://www.bayut.eg/property/details-100361.html,"Furnished Penthouse for rent in Sheikh Zayed, 6th of October","72,500",EGP,monthly,356,3,3,Furnished,Penthouse,Giza,6th of October,Sheikh Zayed,30.04397,30.96791,Swimming Pool|Security,2026-05-12,Nawy,2026-06-30T09:00:00
BA100049,bayut,https://www.bayut.eg/property/details-100049.html,"Semi-furnished Studio for rent in Roushdy, Alexandria",9500,EGP,monthly,42 Sq. M.,0,1,Semi-furnished,Studio,Alexandria,Alexandria,Roushdy,31.23691,29.94687,Gym|Central AC|Elevator|Built-in Kitchen|Backup Generator|Balcony,2026-04-27,Private Owner,2026-06-30T09:00:00
BA100057,bayut,https://www.bayut.eg/property/details-100057.html,"Furnished Penthouse for rent in Mokattam, Cairo",51000,EGP,monthly,350 Sq. M.,4,4,Furnished,Penthouse,Cairo,Cairo,,30.01653,31.31266,Maids Room|Swimming Pool|Garden|Built-in Kitchen|Security|Parking,2026-05-19,Coldwell Banker,2026-06-30T09:00:00
AQ100297,aqarmap,https://www.aqarmap.com/en/property/details-100297.html,"Unfurnished Villa for rent in Sheikh Zayed, 6th of October",76000,EGP,monthly,453,5,5,Unfurnished,Villa,Giza,6th of October,Sheikh Zayed,30.04343,30.97695,Backup Generator|Maids Room,2026-04-26,ERA Egypt,2026-06-30T09:00:00
BA100171,bayut,https://www.bayut.eg/property/details-100171.html,"Furnished Apartment for rent in El Shorouk, Shorouk",677,USD,monthly,197,2,,Furnished,Apartment,Cairo,Shorouk,El Shorouk,30.12785,31.62123,Maids Room|Gym|Elevator,2026-06-17,Private Owner,2026-06-30T09:00:00
BA100294,bayut,https://www.bayut.eg/property/details-100294.html,"Furnished Chalet for rent in Mohandessin, Giza",576,USD,monthly,116,,1,Furnished,Chalet,Giza,Giza,,30.0593,31.2025,Parking|Balcony|Garden|Built-in Kitchen|Backup Generator,2026-03-19,Nawy,2026-06-30T09:00:00
AQ100251,aqarmap,https://www.aqarmap.com/en/property/details-100251.html,"Furnished Duplex for rent in Sidi Gaber, Alexandria",29000,EGP,monthly,193,4,4,Furnished,Duplex,Alexandria,Alexandria,Sidi Gaber,31.21942,29.95121,Gym|Security|Elevator|Kids Area,2026-03-29,Bayut Verified,2026-06-30T09:00:00
AQ100129,aqarmap,https://www.aqarmap.com/en/property/details-100129.html,"Semi-furnished Studio for rent in Roushdy, Alexandria",15000,EGP,monthly,63,0,1,Semi-furnished,Studio,Alexandria,Alexandria,Roushdy,31.21816,29.95001,Gym|Built-in Kitchen|Swimming Pool|Central AC|Garden|Kids Area,2026-06-19,Private Owner,2026-06-30T09:00:00
BA100094,bayut,https://www.bayut.eg/property/details-100094.html,"Semi-furnished Apartment for rent in 6th of October City, 6th of October",15500,EGP,monthly,128 Sq. M.,2,2,Semi-furnished,Apartment,Giza,6th of October,6th of October City,29.96852,30.94154,Elevator|Garden|Balcony|Maids Room|Backup Generator,2026-03-10,Bayut Verified,2026-06-30T09:00:00
BA100220,bayut,https://www.bayut.eg/property/details-100220.html,"Furnished Villa for rent in Dokki, Giza",79500,EGP,monthly,522 Sq. M.,6,2,Furnished,Villa,Giza,Giza,Dokki,30.03922,31.22094,Swimming Pool|Kids Area|Parking|Gym|Balcony|Security,2026-04-18,Bayut Verified,2026-06-30T09:00:00
BA100051,bayut,https://www.bayut.eg/property/details-100051.html,"Unfurnished Chalet for rent in 6th of October City, 6th of October",13500,EGP,monthly,138,3,2,Unfurnished,Chalet,Giza,6th of October,,29.96974,30.94249,Parking|Kids Area,2026-05-14,Private Owner,2026-06-30T09:00:00
BA100293,bayut,https://www.bayut.eg/property/details-100293.html,"Furnished Chalet for rent in 6th of October City, 6th of October",15500,EGP,monthly,,3,2,Furnished,Chalet,Giza,6th of October,6th of October City,29.96583,30.93569,Central AC|Parking|Built-in Kitchen|Kids Area|Maids Room,2026-05-23,Private Owner,2026-06-30T09:00:00
AQ100241,aqarmap,https://www.aqarmap.com/en/property/details-100241.html,"Semi-furnished Studio for rent in Sheikh Zayed, 6th of October",10000,EGP,monthly,57 Sq. M.,0,1,Semi-furnished,Studio,Giza,6th of October,Sheikh Zayed,30.04342,30.97145,Gym|Parking|Elevator,2026-03-24,Aqarmap Agent,2026-06-30T09:00:00
BA100146,bayut,https://www.bayut.eg/property/details-100146.html,"Furnished Apartment for rent in Nasr City, Cairo",28500,EGP,monthly,193,2,2,Furnished,Apartment,Cairo,Cairo,Nasr City,30.05778,31.36076,Parking|Balcony,2026-03-17,Aqarmap Agent,2026-06-30T09:00:00
BA100108,bayut,https://www.bayut.eg/property/details-100108.html,"Unfurnished Duplex for rent in Dokki, Giza",28500,EGP,monthly,280 Sq. M.,4,1,Unfurnished,Duplex,Giza,Giza,Dokki,30.04706,31.21023,Central AC|Gym|Parking,2026-03-24,Private Owner,2026-06-30T09:00:00
BA100164,bayut,https://www.bayut.eg/property/details-100164.html,"Semi-furnished Chalet for rent in Roushdy, Alexandria",31500,EGP,monthly,153,2,2,Semi-furnished,Chalet,Alexandria,Alexandria,Roushdy,31.22764,29.95927,Security|Maids Room|Built-in Kitchen|Elevator|Backup Generator,2026-05-06,Bayut Verified,2026-06-30T09:00:00
BA100298,bayut,https://www.bayut.eg/property/details-100298.html,"Unfurnished Chalet for rent in Miami, Alexandria",19500,EGP,monthly,158,3,3,Unfurnished,Chalet,Alexandria,Alexandria,Miami,31.26301,30.02371,Balcony|Kids Area|Garden|Parking,2026-06-12,Bayut Verified,2026-06-30T09:00:00
BA100000,bayut,https://www.bayut.eg/property/details-100000.html,"Furnished Studio for rent in Zamalek, Cairo",374,USD,monthly,55,0,1,Furnished,Studio,Cairo,Cairo,Zamalek,30.06321,31.21064,Swimming Pool|Kids Area,2026-04-22,Aqarmap Agent,2026-06-30T09:00:00
BA100395,bayut,https://www.bayut.eg/property/details-100395.html,"Semi-furnished Apartment for rent in Dokki, Giza",18500,EGP,monthly,134,4,4,Semi-furnished,Apartment,Giza,Giza,Dokki,30.04115,31.20385,Kids Area|Gym|Elevator|Garden|Swimming Pool|Maids Room,2026-03-31,Aqarmap Agent,2026-06-30T09:00:00
AQ100079,aqarmap,https://www.aqarmap.com/en/property/details-100079.html,"Semi-furnished Penthouse for rent in Zamalek, Cairo",75500,EGP,monthly,234,4,3,Semi-furnished,Penthouse,Cairo,Cairo,Zamalek,30.06246,31.21147,Central AC|Maids Room|Gym|Parking|Security|Elevator,2026-06-06,Private Owner,2026-06-30T09:00:00
AQ100024,aqarmap,https://www.aqarmap.com/en/property/details-100024.html,"Semi-furnished Penthouse for rent in El Shorouk, Shorouk",34500,EGP,monthly,283,3,3,Semi-furnished,Penthouse,Cairo,Shorouk,El Shorouk,30.11805,31.61164,Kids Area|Maids Room,2026-03-16,Coldwell Banker,2026-06-30T09:00:00
AQ100163,aqarmap,https://www.aqarmap.com/en/property/details-100163.html,"Furnished Apartment for rent in Zamalek, Cairo",59000,EGP,monthly,,4,1,Furnished,Apartment,Cairo,Cairo,,30.05503,31.2176,Built-in Kitchen|Elevator|Security|Central AC,2026-04-19,Private Owner,2026-06-30T09:00:00
AQ100078,aqarmap,https://www.aqarmap.com/en/property/details-100078.html,"Unfurnished Apartment for rent in 6th of October City, 6th of October",21500,EGP,monthly,187,2,,Unfurnished,Apartment,Giza,6th of October,6th of October City,29.96611,30.95233,Built-in Kitchen|Garden|Elevator,2026-06-19,Coldwell Banker,2026-06-30T09:00:00
BA100214,bayut,https://www.bayut.eg/property/details-100214.html,"Semi-furnished Chalet for rent in Haram, Giza",10000,EGP,monthly,127,2,2,Semi-furnished,Chalet,Giza,Giza,Haram,30.00121,31.15394,Maids Room|Balcony|Swimming Pool,2026-06-21,ERA Egypt,2026-06-30T09:00:00
BA100179,bayut,https://www.bayut.eg/property/details-100179.html,"Furnished Apartment for rent in Mohandessin, Giza","29,000",EGP,monthly,,4,2,Furnished,Apartment,Giza,Giza,Mohandessin,30.05742,31.20135,Maids Room|Central AC,2026-06-16,Bayut Verified,2026-06-30T09:00:00
BA100339,bayut,https://www.bayut.eg/property/details-100339.html,"Unfurnished Duplex for rent in Roushdy, Alexandria",576,USD,monthly,191,3,3,Unfurnished,Duplex,Alexandria,Alexandria,Roushdy,31.2325,29.96598,Swimming Pool|Built-in Kitchen|Maids Room|Garden|Backup Generator,2026-03-16,Bayut Verified,2026-06-30T09:00:00
AQ100336,aqarmap,https://www.aqarmap.com/en/property/details-100336.html,"Furnished Studio for rent in Nasr City, Cairo",114000,EGP,yearly,58,0,,Furnished,Studio,Cairo,Cairo,Nasr City,30.05896,31.36076,Elevator|Swimming Pool,2026-06-12,ERA Egypt,2026-06-30T09:00:00
BA100249,bayut,https://www.bayut.eg/property/details-100249.html,"Semi-furnished Studio for rent in Maadi, Cairo",11000,EGP,monthly,46,0,1,Semi-furnished,Studio,Cairo,Cairo,,29.95909,31.25538,Balcony|Garden|Swimming Pool|Security|Kids Area,2026-04-12,Aqarmap Agent,2026-06-30T09:00:00
BA100368,bayut,https://www.bayut.eg/property/details-100368.html,"Semi-furnished Apartment for rent in Fifth Settlement, New Cairo",16500,EGP,monthly,92,4,1,Semi-furnished,Apartment,Cairo,New Cairo,,30.00015,31.49127,Security|Balcony|Swimming Pool,2026-06-20,Bayut Verified,2026-06-30T09:00:00
BA100155,bayut,https://www.bayut.eg/property/details-100155.html,"Unfurnished Penthouse for rent in Zamalek, Cairo",1576,USD,monthly,213,5,5,Unfurnished,Penthouse,Cairo,Cairo,Zamalek,30.06875,31.21763,Balcony|Elevator|Security|Built-in Kitchen,2026-04-27,ERA Egypt,2026-06-30T09:00:00
AQ100311,aqarmap,https://www.aqarmap.com/en/property/details-100311.html,"Semi-furnished Penthouse for rent in Rehab, New Cairo",29000,EGP,monthly,266,3,3,Semi-furnished,Penthouse,Cairo,New Cairo,Rehab,30.06858,31.49252,Central AC|Parking|Security|Backup Generator|Garden,2026-05-05,Coldwell Banker,2026-06-30T09:00:00
AQ100303,aqarmap,https://www.aqarmap.com/en/property/details-100303.html,"Furnished Chalet for rent in Miami, Alexandria",20000,EGP,monthly,110,,2,Furnished,Chalet,Alexandria,Alexandria,Miami,31.26181,30.02645,Gym|Swimming Pool|Security,2026-05-29,Private Owner,2026-06-30T09:00:00
BA100342,bayut,https://www.bayut.eg/property/details-100342.html,"Furnished Studio for rent in Dokki, Giza",8500,EGP,monthly,55,0,,Furnished,Studio,Giza,Giza,Dokki,30.02931,31.20356,Security|Gym,2026-04-04,Aqarmap Agent,2026-06-30T09:00:00
BA100031,bayut,https://www.bayut.eg/property/details-100031.html,"Unfurnished Penthouse for rent in Madinaty, New Cairo",41500,EGP,monthly,325,3,,Unfurnished,Penthouse,Cairo,New Cairo,Madinaty,30.10988,31.62237,Built-in Kitchen|Kids Area|Backup Generator|Swimming Pool|Balcony,2026-05-23,Private Owner,2026-06-30T09:00:00
BA100351,bayut,https://www.bayut.eg/property/details-100351.html,"Furnished Apartment for rent in Fifth Settlement, New Cairo",1081,USD,monthly,197 Sq. M.,3,1,Furnished,Apartment,Cairo,New Cairo,,30.00417,31.4855,Swimming Pool|Garden|Backup Generator|Security|Balcony,2026-03-09,Bayut Verified,2026-06-30T09:00:00
AQ100315,aqarmap,https://www.aqarmap.com/en/property/details-100315.html,"Unfurnished Penthouse for rent in Gleem, Alexandria",420000,EGP,yearly,223,4,3,Unfurnished,Penthouse,Alexandria,Alexandria,Gleem,31.25447,29.96853,Central AC|Maids Room|Backup Generator,2026-04-26,Coldwell Banker,2026-06-30T09:00:00
BA100172,bayut,https://www.bayut.eg/property/details-100172.html,"Unfurnished Apartment for rent in El Shorouk, Shorouk",21500,EGP,monthly,,3,2,Unfurnished,Apartment,Cairo,Shorouk,El Shorouk,30.12852,31.62929,Central AC|Security|Parking|Backup Generator,2026-04-22,ERA Egypt,2026-06-30T09:00:00
AQ100113,aqarmap,https://www.aqarmap.com/en/property/details-100113.html,"Semi-furnished Duplex for rent in Mohandessin, Giza","50,500",EGP,monthly,230,4,,Semi-furnished,Duplex,Giza,Giza,Mohandessin,30.05623,31.20174,Garden|Central AC|Built-in Kitchen|Security,2026-05-21,Bayut Verified,2026-06-30T09:00:00
BA100118,bayut,https://www.bayut.eg/property/details-100118.html,"Unfurnished Studio for rent in Haram, Giza",4500,EGP,monthly,55,0,1,Unfurnished,Studio,Giza,Giza,,29.99723,31.16552,Security|Built-in Kitchen|Gym|Balcony|Maids Room,2026-03-16,Private Owner,2026-06-30T09:00:00
AQ100156,aqarmap,https://www.aqarmap.com/en/property/details-100156.html,"Unfurnished Chalet for rent in Nasr City, Cairo","156,000",EGP,yearly,90,3,2,Unfurnished,Chalet,Cairo,Cairo,Nasr City,30.04529,31.37107,Security|Central AC|Parking|Kids Area|Balcony|Garden,2026-05-04,Private Owner,2026-06-30T09:00:00
AQ100268,aqarmap,https://www.aqarmap.com/en/property/details-100268.html,"Semi-furnished Penthouse for rent in Rehab, New Cairo",27000,EGP,monthly,237,3,3,Semi-furnished,Penthouse,Cairo,New Cairo,,30.06831,31.48534,Elevator|Built-in Kitchen|Kids Area,2026-06-06,Nawy,2026-06-30T09:00:00
AQ100208,aqarmap,https://www.aqarmap.com/en/property/details-100208.html,"Furnished Apartment for rent in Nasr City, Cairo",26000,EGP,monthly,204,3,3,Furnished,Apartment,Cairo,Cairo,Nasr City,30.04604,31.37549,Central AC|Parking|Maids Room,2026-03-24,Bayut Verified,2026-06-30T09:00:00
AQ100194,aqarmap,https://www.aqarmap.com/en/property/details-100194.html,"Semi-furnished Penthouse for rent in Heliopolis, Cairo",53000,EGP,monthly,303,5,1,Semi-furnished,Penthouse,Cairo,Cairo,Heliopolis,30.0848,31.31434,Gym|Maids Room|Built-in Kitchen|Kids Area|Central AC|Swimming Pool,2026-04-27,Aqarmap Agent,2026-06-30T09:00:00
AQ100358,aqarmap,https://www.aqarmap.com/en/property/details-100358.html,"Semi-furnished Apartment for rent in Rehab, New Cairo",12500,EGP,monthly,109 Sq. M.,3,,Semi-furnished,Apartment,Cairo,New Cairo,Rehab,30.05097,31.49269,Backup Generator|Gym|Parking|Security|Built-in Kitchen,2026-06-06,Bayut Verified,2026-06-30T09:00:00
BA100046,bayut,https://www.bayut.eg/property/details-100046.html,"Furnished Studio for rent in Haram, Giza",48000,EGP,yearly,46,0,1,Furnished,Studio,Giza,Giza,Haram,29.98977,31.15942,Balcony|Built-in Kitchen|Security|Kids Area|Parking|Maids Room,2026-03-09,Private Owner,2026-06-30T09:00:00
AQ100102,aqarmap,https://www.aqarmap.com/en/property/details-100102.html,"Unfurnished Studio for rent in Roushdy, Alexandria",132000,EGP,yearly,52,0,,Unfurnished,Studio,Alexandria,Alexandria,Roushdy,31.23599,29.95727,Security|Garden,2026-06-21,Coldwell Banker,2026-06-30T09:00:00
BA100009,bayut,https://www.bayut.eg/property/details-100009.html,"Furnished Chalet for rent in 6th of October City, 6th of October",14500,EGP,monthly,93,,1,Furnished,Chalet,Giza,6th of October,6th of October City,29.97349,30.93451,Parking|Elevator|Maids Room|Backup Generator|Kids Area|Balcony,2026-05-02,ERA Egypt,2026-06-30T09:00:00
AQ100218,aqarmap,https://www.aqarmap.com/en/property/details-100218.html,"Furnished Penthouse for rent in Nasr City, Cairo",60000,EGP,monthly,376,5,,Furnished,Penthouse,Cairo,Cairo,Nasr City,30.04267,31.35672,Garden|Balcony|Backup Generator|Parking,2026-04-18,ERA Egypt,2026-06-30T09:00:00
AQ100074,aqarmap,https://www.aqarmap.com/en/property/details-100074.html,"Unfurnished Duplex for rent in Madinaty, New Cairo",32000,EGP,monthly,281 Sq. M.,5,4,Unfurnished,Duplex,Cairo,New Cairo,Madinaty,30.10285,31.629,Garden|Security|Maids Room|Backup Generator|Built-in Kitchen|Swimming Pool,2026-06-14,Aqarmap Agent,2026-06-30T09:00:00
AQ100098,aqarmap,https://www.aqarmap.com/en/property/details-100098.html,"Furnished Duplex for rent in Haram, Giza",19000,EGP,monthly,219 Sq. M.,3,3,Furnished,Duplex,Giza,Giza,Haram,29.98715,31.16843,Central AC|Security|Garden|Backup Generator|Maids Room,2026-04-08,Bayut Verified,2026-06-30T09:00:00
AQ100140,aqarmap,https://www.aqarmap.com/en/property/details-100140.html,"Unfurnished Studio for rent in Sidi Gaber, Alexandria",5000,EGP,monthly,49,0,1,Unfurnished,Studio,Alexandria,Alexandria,,31.22591,29.93676,Security|Backup Generator|Parking|Garden,2026-06-12,Private Owner,2026-06-30T09:00:00
BA100019,bayut,https://www.bayut.eg/property/details-100019.html,"Unfurnished Duplex for rent in Fifth Settlement, New Cairo",48500,EGP,monthly,253,3,3,Unfurnished,Duplex,Cairo,New Cairo,Fifth Settlement,30.00762,31.49717,Backup Generator|Parking|Gym,2026-04-05,Aqarmap Agent,2026-06-30T09:00:00
BA100205,bayut,https://www.bayut.eg/property/details-100205.html,"Semi-furnished Penthouse for rent in Sheikh Zayed, 6th of October",62500,EGP,monthly,336,3,,Semi-furnished,Penthouse,Giza,6th of October,Sheikh Zayed,30.04594,30.97696,Balcony|Maids Room|Kids Area,2026-04-15,Private Owner,2026-06-30T09:00:00
AQ100369,aqarmap,https://www.aqarmap.com/en/property/details-100369.html,"Unfurnished Duplex for rent in El Shorouk, Shorouk",25500,EGP,monthly,190,5,4,Unfurnished,Duplex,Cairo,Shorouk,El Shorouk,30.11985,31.61412,Backup Generator|Swimming Pool,2026-03-29,Bayut Verified,2026-06-30T09:00:00
AQ100061,aqarmap,https://www.aqarmap.com/en/property/details-100061.html,"Unfurnished Chalet for rent in Gleem, Alexandria",19500,EGP,monthly,99,3,1,Unfurnished,Chalet,Alexandria,Alexandria,Gleem,31.23758,29.96918,Gym|Maids Room,2026-04-08,Private Owner,2026-06-30T09:00:00
AQ100117,aqarmap,https://www.aqarmap.com/en/property/details-100117.html,"Unfurnished Townhouse for rent in Sidi Gaber, Alexandria",28500,EGP,monthly,289,,2,Unfurnished,Townhouse,Alexandria,Alexandria,Sidi Gaber,31.22165,29.94394,Garden|Gym|Backup Generator,2026-06-23,Aqarmap Agent,2026-06-30T09:00:00
AQ100076,aqarmap,https://www.aqarmap.com/en/property/details-100076.html,"Unfurnished Studio for rent in Fifth Settlement, New Cairo",6500,EGP,monthly,40 Sq. M.,0,1,Unfurnished,Studio,Cairo,New Cairo,,30.01518,31.49221,Central AC|Swimming Pool|Balcony|Gym,2026-06-27,Private Owner,2026-06-30T09:00:00
BA100324,bayut,https://www.bayut.eg/property/details-100324.html,"Furnished Chalet for rent in Zamalek, Cairo",1040,USD,monthly,151,,2,Furnished,Chalet,Cairo,Cairo,,30.06597,31.22416,Central AC|Parking|Security|Garden|Maids Room|Balcony,2026-05-15,ERA Egypt,2026-06-30T09:00:00
AQ100322,aqarmap,https://www.aqarmap.com/en/property/details-100322.html,"Unfurnished Villa for rent in Nasr City, Cairo",39000,EGP,monthly,406,5,5,Unfurnished,Villa,Cairo,Cairo,Nasr City,30.04312,31.36392,Gym|Swimming Pool|Backup Generator|Maids Room|Elevator,2026-06-10,Coldwell Banker,2026-06-30T09:00:00
BA100302,bayut,https://www.bayut.eg/property/details-100302.html,"Semi-furnished Townhouse for rent in Smouha, Alexandria",53000,EGP,monthly,263,4,2,Semi-furnished,Townhouse,Alexandria,Alexandria,Smouha,31.21983,29.94624,Kids Area|Backup Generator,2026-04-09,ERA Egypt,2026-06-30T09:00:00
BA100096,bayut,https://www.bayut.eg/property/details-100096.html,"Semi-furnished Apartment for rent in Madinaty, New Cairo",22000,EGP,monthly,192,4,2,Semi-furnished,Apartment,Cairo,New Cairo,Madinaty,30.09424,31.6238,Kids Area|Central AC,2026-03-06,ERA Egypt,2026-06-30T09:00:00
BA100092,bayut,https://www.bayut.eg/property/details-100092.html,"Furnished Apartment for rent in Miami, Alexandria",32000,EGP,monthly,173,3,,Furnished,Apartment,Alexandria,Alexandria,Miami,31.27512,30.02957,Backup Generator|Maids Room|Balcony|Kids Area|Built-in Kitchen,2026-06-02,ERA Egypt,2026-06-30T09:00:00
AQ100312,aqarmap,https://www.aqarmap.com/en/property/details-100312.html,"Semi-furnished Apartment for rent in Sidi Gaber, Alexandria","25,500",EGP,monthly,164 Sq. M.,2,2,Semi-furnished,Apartment,Alexandria,Alexandria,Sidi Gaber,31.21152,29.94563,Balcony|Garden,2026-06-18,Aqarmap Agent,2026-06-30T09:00:00
AQ100257,aqarmap,https://www.aqarmap.com/en/property/details-100257.html,"Unfurnished Duplex for rent in Nasr City, Cairo","29,500",EGP,monthly,255,4,1,Unfurnished,Duplex,Cairo,Cairo,Nasr City,30.04625,31.37121,Elevator|Balcony|Backup Generator|Garden,2026-04-03,Coldwell Banker,2026-06-30T09:00:00
AQ100052,aqarmap,https://www.aqarmap.com/en/property/details-100052.html,"Unfurnished Townhouse for rent in 6th of October City, 6th of October",32500,EGP,monthly,231,4,3,Unfurnished,Townhouse,Giza,6th of October,6th of October City,29.96801,30.94003,Maids Room|Swimming Pool|Security|Central AC|Backup Generator|Balcony,2026-06-24,Coldwell Banker,2026-06-30T09:00:00
BA100242,bayut,https://www.bayut.eg/property/details-100242.html,"Semi-furnished Villa for rent in Sheikh Zayed, 6th of October",91500,EGP,monthly,425 Sq. M.,4,1,Semi-furnished,Villa,Giza,6th of October,Sheikh Zayed,30.03941,30.97951,Balcony|Elevator,2026-06-14,Coldwell Banker,2026-06-30T09:00:00
AQ100386,aqarmap,https://www.aqarmap.com/en/property/details-100386.html,"Furnished Townhouse for rent in Sheikh Zayed, 6th of October",54500,EGP,monthly,249,4,1,Furnished,Townhouse,Giza,6th of October,Sheikh Zayed,30.03915,30.96927,Central AC|Kids Area|Gym,2026-06-24,ERA Egypt,2026-06-30T09:00:00
BA100346,bayut,https://www.bayut.eg/property/details-100346.html,"Unfurnished Duplex for rent in Rehab, New Cairo",556,USD,monthly,290,3,1,Unfurnished,Duplex,Cairo,New Cairo,Rehab,30.06115,31.48952,Backup Generator|Built-in Kitchen|Elevator|Central AC|Balcony|Swimming Pool,2026-05-10,Private Owner,2026-06-30T09:00:00
BA100345,bayut,https://www.bayut.eg/property/details-100345.html,"Semi-furnished Chalet for rent in 6th of October City, 6th of October",156000,EGP,yearly,112,,1,Semi-furnished,Chalet,Giza,6th of October,6th of October City,29.97487,30.94851,Central AC|Parking|Kids Area|Backup Generator|Maids Room|Elevator,2026-05-19,Coldwell Banker,2026-06-30T09:00:00
BA100134,bayut,https://www.bayut.eg/property/details-100134.html,"Unfurnished Apartment for rent in Mokattam, Cairo",14500,EGP,monthly,115,3,3,Unfurnished,Apartment,Cairo,Cairo,,30.01544,31.30129,Security|Parking|Garden|Backup Generator|Elevator,2026-05-28,Private Owner,2026-06-30T09:00:00
AQ100058,aqarmap,https://www.aqarmap.com/en/property/details-100058.html,"Unfurnished Penthouse for rent in Smouha, Alexandria",74500,EGP,monthly,344,,4,Unfurnished,Penthouse,Alexandria,Alexandria,Smouha,31.22028,29.94554,Central AC|Parking|Kids Area,2026-04-12,Private Owner,2026-06-30T09:00:00
AQ100143,aqarmap,https://www.aqarmap.com/en/property/details-100143.html,"Unfurnished Apartment for rent in Sheikh Zayed, 6th of October",228000,EGP,yearly,102 Sq. M.,2,2,Unfurnished,Apartment,Giza,6th of October,Sheikh Zayed,30.03175,30.98248,Central AC|Swimming Pool|Parking|Elevator|Backup Generator|Built-in Kitchen,2026-06-30,Bayut Verified,2026-06-30T09:00:00
BA100127,bayut,https://www.bayut.eg/property/details-100127.html,"Semi-furnished Townhouse for rent in El Shorouk, Shorouk",27500,EGP,monthly,230,3,3,Semi-furnished,Townhouse,Cairo,Shorouk,El Shorouk,30.12292,31.62022,Central AC|Built-in Kitchen,2026-04-18,ERA Egypt,2026-06-30T09:00:00
AQ100095,aqarmap,https://www.aqarmap.com/en/property/details-100095.html,"Furnished Chalet for rent in Sheikh Zayed, 6th of October",41500,EGP,monthly,,2,,Furnished,Chalet,Giza,6th of October,Sheikh Zayed,30.03486,30.97007,Central AC|Garden,2026-06-13,Coldwell Banker,2026-06-30T09:00:00
AQ100261,aqarmap,https://www.aqarmap.com/en/property/details-100261.html,"Furnished Studio for rent in Smouha, Alexandria",253,USD,monthly,66,0,1,Furnished,Studio,Alexandria,Alexandria,Smouha,31.21078,29.94885,Central AC|Maids Room|Kids Area|Elevator,2026-05-31,Coldwell Banker,2026-06-30T09:00:00
AQ100078,aqarmap,https://www.aqarmap.com/en/property/details-100078.html,"Unfurnished Apartment for rent in 6th of October City, 6th of October",21500,EGP,monthly,187,2,,Unfurnished,Apartment,Giza,6th of October,6th of October City,29.96611,30.95233,Built-in Kitchen|Garden|Elevator,2026-06-19,Coldwell Banker,2026-06-30T09:00:00
AQ100316,aqarmap,https://www.aqarmap.com/en/property/details-100316.html,"Unfurnished Chalet for rent in Sheikh Zayed, 6th of October",4000,USD,yearly,111 Sq. M.,,2,Unfurnished,Chalet,Giza,6th of October,Sheikh Zayed,30.03826,30.97529,Gym|Garden|Kids Area|Parking|Elevator|Central AC,2026-06-17,Bayut Verified,2026-06-30T09:00:00
BA100126,bayut,https://www.bayut.eg/property/details-100126.html,"Semi-furnished Studio for rent in Mokattam, Cairo",72000,EGP,yearly,53,0,1,Semi-furnished,Studio,Cairo,Cairo,Mokattam,30.01739,31.31416,Security|Central AC,2026-04-06,Nawy,2026-06-30T09:00:00
AQ100355,aqarmap,https://www.aqarmap.com/en/property/details-100355.html,"Furnished Villa for rent in Roushdy, Alexandria",29818,USD,yearly,629 Sq. M.,4,3,Furnished,Villa,Alexandria,Alexandria,Roushdy,31.22193,29.95258,Kids Area|Backup Generator|Gym|Swimming Pool,2026-06-05,Bayut Verified,2026-06-30T09:00:00
AQ100042,aqarmap,https://www.aqarmap.com/en/property/details-100042.html,"Unfurnished Duplex for rent in Faisal, Giza",21000,EGP,monthly,330 Sq. M.,4,4,Unfurnished,Duplex,Giza,Giza,Faisal,29.98013,31.14763,Built-in Kitchen|Gym|Backup Generator|Elevator,2026-05-12,Bayut Verified,2026-06-30T09:00:00
BA100248,bayut,https://www.bayut.eg/property/details-100248.html,"Semi-furnished Townhouse for rent in Haram, Giza",22500,EGP,monthly,300,4,4,Semi-furnished,Townhouse,Giza,Giza,,29.98576,31.15969,Balcony|Security|Gym|Backup Generator,2026-05-01,ERA Egypt,2026-06-30T09:00:00
AQ100144,aqarmap,https://www.aqarmap.com/en/property/details-100144.html,"Semi-furnished Studio for rent in El Shorouk, Shorouk",9500,EGP,monthly,62,0,,Semi-furnished,Studio,Cairo,Shorouk,El Shorouk,30.1223,31.61452,Built-in Kitchen|Elevator|Security|Parking,2026-05-28,Coldwell Banker,2026-06-30T09:00:00
AQ100148,aqarmap,https://www.aqarmap.com/en/property/details-100148.html,"Furnished Apartment for rent in Dokki, Giza","24,500",EGP,monthly,169,4,4,Furnished,Apartment,Giza,Giza,Dokki,30.04642,31.21894,Garden|Gym,2026-06-24,Nawy,2026-06-30T09:00:00
AQ100385,aqarmap,https://www.aqarmap.com/en/property/details-100385.html,"Unfurnished Chalet for rent in Maadi, Cairo",15500,EGP,monthly,106,,2,Unfurnished,Chalet,Cairo,Cairo,Maadi,29.95598,31.2632,Elevator|Maids Room|Balcony,2026-04-29,Nawy,2026-06-30T09:00:00
BA100220,bayut,https://www.bayut.eg/property/details-100220.html,"Furnished Villa for rent in Dokki, Giza",79500,EGP,monthly,522 Sq. M.,6,2,Furnished,Villa,Giza,Giza,Dokki,30.03922,31.22094,Swimming Pool|Kids Area|Parking|Gym|Balcony|Security,2026-04-18,Bayut Verified,2026-06-30T09:00:00
BA100004,bayut,https://www.bayut.eg/property/details-100004.html,"Unfurnished Apartment for rent in El Shorouk, Shorouk",15000,EGP,monthly,121,4,3,Unfurnished,Apartment,Cairo,Shorouk,El Shorouk,30.12319,31.61182,Parking|Security,2026-06-02,Bayut Verified,2026-06-30T09:00:00
BA100305,bayut,https://www.bayut.eg/property/details-100305.html,"Unfurnished Apartment for rent in Zamalek, Cairo",40000,EGP,monthly,121,4,2,Unfurnished,Apartment,Cairo,Cairo,Zamalek,30.05661,31.22375,Gym|Swimming Pool|Parking|Balcony,2026-04-30,Nawy,2026-06-30T09:00:00
BA100393,bayut,https://www.bayut.eg/property/details-100393.html,"Semi-furnished Villa for rent in Roushdy, Alexandria",1146000,EGP,yearly,383,5,2,Semi-furnished,Villa,Alexandria,Alexandria,,31.21955,29.94849,Backup Generator|Maids Room,2026-04-14,Private Owner,2026-06-30T09:00:00
AQ100175,aqarmap,https://www.aqarmap.com/en/property/details-100175.html,"Furnished Penthouse for rent in Zamalek, Cairo","124,500",EGP,monthly,265,,3,Furnished,Penthouse,Cairo,Cairo,Zamalek,30.06114,31.21593,Garden|Maids Room|Parking,2026-03-20,Coldwell Banker,2026-06-30T09:00:00
BA100347,bayut,https://www.bayut.eg/property/details-100347.html,"Furnished Villa for rent in 6th of October City, 6th of October",63500,EGP,monthly,398 Sq. M.,4,1,Furnished,Villa,Giza,6th of October,6th of October City,29.96875,30.93813,Central AC|Built-in Kitchen|Kids Area|Security|Swimming Pool,2026-06-06,ERA Egypt,2026-06-30T09:00:00
BA100026,bayut,https://www.bayut.eg/property/details-100026.html,"Furnished Townhouse for rent in Dokki, Giza","41,500",EGP,monthly,250 Sq. M.,3,2,Furnished,Townhouse,Giza,Giza,Dokki,30.04392,31.21232,Garden|Maids Room,2026-03-19,Private Owner,2026-06-30T09:00:00
BA100121,bayut,https://www.bayut.eg/property/details-100121.html,"Unfurnished Townhouse for rent in Sheikh Zayed, 6th of October","9,455",USD,yearly,259,4,1,Unfurnished,Townhouse,Giza,6th of October,Sheikh Zayed,30.04039,30.9749,Kids Area|Garden,2026-04-16,Coldwell Banker,2026-06-30T09:00:00
AQ100350,aqarmap,https://www.aqarmap.com/en/property/details-100350.html,"Furnished Apartment for rent in Dokki, Giza",495,USD,monthly,195,2,2,Furnished,Apartment,Giza,Giza,Dokki,30.03189,31.21271,Elevator|Kids Area|Swimming Pool|Built-in Kitchen,2026-05-24,Nawy,2026-06-30T09:00:00
AQ100006,aqarmap,https://www.aqarmap.com/en/property/details-100006.html,"Furnished Studio for rent in Roushdy, Alexandria",11500,EGP,monthly,58,0,1,Furnished,Studio,Alexandria,Alexandria,Roushdy,31.22279,29.95082,Parking|Kids Area|Central AC|Backup Generator|Security|Maids Room,2026-03-19,Bayut Verified,2026-06-30T09:00:00
BA100372,bayut,https://www.bayut.eg/property/details-100372.html,"Semi-furnished Townhouse for rent in Miami, Alexandria",29500,EGP,monthly,244,4,4,Semi-furnished,Townhouse,Alexandria,Alexandria,Miami,31.26666,30.0243,Security|Swimming Pool|Elevator,2026-04-30,Coldwell Banker,2026-06-30T09:00:00
AQ100176,aqarmap,https://www.aqarmap.com/en/property/details-100176.html,"Furnished Chalet for rent in Heliopolis, Cairo",40500,EGP,monthly,167 Sq. M.,3,1,Furnished,Chalet,Cairo,Cairo,,30.09093,31.3308,Elevator|Central AC|Garden,2026-03-23,Coldwell Banker,2026-06-30T09:00:00
AQ100079,aqarmap,https://www.aqarmap.com/en/property/details-100079.html,"Semi-furnished Penthouse for rent in Zamalek, Cairo",75500,EGP,monthly,234,4,3,Semi-furnished,Penthouse,Cairo,Cairo,Zamalek,30.06246,31.21147,Central AC|Maids Room|Gym|Parking|Security|Elevator,2026-06-06,Private Owner,2026-06-30T09:00:00
BA100064,bayut,https://www.bayut.eg/property/details-100064.html,"Semi-furnished Duplex for rent in Heliopolis, Cairo",75000,EGP,monthly,326,,4,Semi-furnished,Duplex,Cairo,Cairo,Heliopolis,30.09403,31.31477,Elevator|Backup Generator|Central AC|Garden,2026-06-10,Aqarmap Agent,2026-06-30T09:00:00
AQ100010,aqarmap,https://www.aqarmap.com/en/property/details-100010.html,"Unfurnished Duplex for rent in Dokki, Giza",42000,EGP,monthly,296 Sq. M.,4,4,Unfurnished,Duplex,Giza,Giza,Dokki,30.0311,31.20693,Built-in Kitchen|Maids Room,2026-03-31,Coldwell Banker,2026-06-30T09:00:00
AQ100063,aqarmap,https://www.aqarmap.com/en/property/details-100063.html,"Furnished Villa for rent in Maadi, Cairo",134000,EGP,monthly,492,4,2,Furnished,Villa,Cairo,Cairo,Maadi,29.95087,31.25419,Central AC|Built-in Kitchen|Gym,2026-06-09,Bayut Verified,2026-06-30T09:00:00
BA100398,bayut,https://www.bayut.eg/property/details-100398.html,"Unfurnished Townhouse for rent in Roushdy, Alexandria",45500,EGP,monthly,210 Sq. M.,4,2,Unfurnished,Townhouse,Alexandria,Alexandria,Roushdy,31.22534,29.94867,Elevator|Balcony|Central AC|Backup Generator,2026-06-08,ERA Egypt,2026-06-30T09:00:00
AQ100067,aqarmap,https://www.aqarmap.com/en/property/details-100067.html,"Unfurnished Studio for rent in Miami, Alexandria",7000,EGP,monthly,70,0,,Unfurnished,Studio,Alexandria,Alexandria,,31.26375,30.02336,Garden|Parking|Maids Room|Built-in Kitchen|Elevator|Swimming Pool,2026-05-31,Private Owner,2026-06-30T09:00:00
BA100199,bayut,https://www.bayut.eg/property/details-100199.html,"Furnished Townhouse for rent in Sidi Gaber, Alexandria",40500,EGP,monthly,258,3,,Furnished,Townhouse,Alexandria,Alexandria,Sidi Gaber,31.22046,29.93219,Central AC|Security|Maids Room|Built-in Kitchen|Garden,2026-03-20,Private Owner,2026-06-30T09:00:00
AQ100371,aqarmap,https://www.aqarmap.com/en/property/details-100371.html,"Semi-furnished Villa for rent in Sheikh Zayed, 6th of October",125500,EGP,monthly,529,6,2,Semi-furnished,Villa,Giza,6th of October,Sheikh Zayed,30.03755,30.97541,Maids Room|Built-in Kitchen|Balcony|Security|Central AC,2026-05-15,Coldwell Banker,2026-06-30T09:00:00
BA100256,bayut,https://www.bayut.eg/property/details-100256.html,"Unfurnished Duplex for rent in Sheikh Zayed, 6th of October",34500,EGP,monthly,229,3,,Unfurnished,Duplex,Giza,6th of October,Sheikh Zayed,30.04901,30.97876,Parking|Built-in Kitchen,2026-03-16,ERA Egypt,2026-06-30T09:00:00
AQ100204,aqarmap,https://www.aqarmap.com/en/property/details-100204.html,"Unfurnished Apartment for rent in Miami, Alexandria",21500,EGP,monthly,,4,4,Unfurnished,Apartment,Alexandria,Alexandria,Miami,31.27818,30.01963,Parking|Central AC|Gym,2026-04-10,Nawy,2026-06-30T09:00:00
BA100166,bayut,https://www.bayut.eg/property/details-100166.html,"Unfurnished Villa for rent in Gleem, Alexandria",99500,EGP,monthly,626,5,5,Unfurnished,Villa,Alexandria,Alexandria,Gleem,31.25133,29.97189,Maids Room|Built-in Kitchen|Backup Generator|Central AC,2026-05-15,Bayut Verified,2026-06-30T09:00:00
BA100065,bayut,https://www.bayut.eg/property/details-100065.html,"Furnished Villa for rent in Faisal, Giza",39500,EGP,monthly,375,5,1,Furnished,Villa,Giza,Giza,Faisal,29.98593,31.14748,Parking|Garden|Swimming Pool|Elevator|Backup Generator,2026-05-08,Coldwell Banker,2026-06-30T09:00:00
BA100365,bayut,https://www.bayut.eg/property/details-100365.html,"Semi-furnished Apartment for rent in Mohandessin, Giza",374,USD,monthly,115,2,1,Semi-furnished,Apartment,Giza,Giza,Mohandessin,30.04841,31.20765,Kids Area|Security|Elevator,2026-04-04,Private Owner,2026-06-30T09:00:00
BA100349,bayut,https://www.bayut.eg/property/details-100349.html,"Semi-furnished Chalet for rent in 6th of October City, 6th of October",19500,EGP,monthly,154,3,3,Semi-furnished,Chalet,Giza,6th of October,6th of October City,29.96592,30.9514,Kids Area|Swimming Pool|Central AC,2026-03-21,Aqarmap Agent,2026-06-30T09:00:00
AQ100253,aqarmap,https://www.aqarmap.com/en/property/details-100253.html,"Furnished Chalet for rent in Nasr City, Cairo",27000,EGP,monthly,147,2,2,Furnished,Chalet,Cairo,Cairo,Nasr City,30.05616,31.36386,Swimming Pool|Backup Generator|Central AC|Security|Kids Area,2026-03-15,Aqarmap Agent,2026-06-30T09:00:00
BA100281,bayut,https://www.bayut.eg/property/details-100281.html,"Semi-furnished Studio for rent in Madinaty, New Cairo","7,000",EGP,monthly,64,,1,Semi-furnished,Studio,Cairo,New Cairo,Madinaty,30.09399,31.63665,Maids Room|Central AC|Elevator|Gym,2026-03-05,Aqarmap Agent,2026-06-30T09:00:00
BA100250,bayut,https://www.bayut.eg/property/details-100250.html,"Semi-furnished Duplex for rent in Sidi Gaber, Alexandria",27000,EGP,monthly,188,,3,Semi-furnished,Duplex,Alexandria,Alexandria,,31.21384,29.94663,Central AC|Maids Room|Parking|Backup Generator,2026-04-03,Aqarmap Agent,2026-06-30T09:00:00
AQ100392,aqarmap,https://www.aqarmap.com/en/property/details-100392.html,"Furnished Apartment for rent in El Shorouk, Shorouk",28500,EGP,monthly,183,4,4,Furnished,Apartment,Cairo,Shorouk,El Shorouk,30.12212,31.62889,Kids Area|Security|Maids Room|Swimming Pool|Parking,2026-06-10,Bayut Verified,2026-06-30T09:00:00
BA100060,bayut,https://www.bayut.eg/property/details-100060.html,"Furnished Townhouse for rent in 6th of October City, 6th of October",37000,EGP,monthly,221,3,1,Furnished,Townhouse,Giza,6th of October,6th of October City,29.96328,30.95136,Balcony|Garden|Built-in Kitchen|Elevator|Backup Generator,2026-04-13,Coldwell Banker,2026-06-30T09:00:00
BA100136,bayut,https://www.bayut.eg/property/details-100136.html,"Semi-furnished Chalet for rent in Dokki, Giza",15500,EGP,monthly,125,3,3,Semi-furnished,Chalet,Giza,Giza,Dokki,30.02852,31.21294,Gym|Elevator,2026-05-27,Private Owner,2026-06-30T09:00:00
BA100340,bayut,https://www.bayut.eg/property/details-100340.html,"Furnished Villa for rent in Faisal, Giza",929,USD,monthly,468 Sq. M.,4,4,Furnished,Villa,Giza,Giza,Faisal,29.99145,31.14826,Balcony|Maids Room|Parking|Built-in Kitchen|Elevator,2026-03-07,Bayut Verified,2026-06-30T09:00:00
AQ100245,aqarmap,https://www.aqarmap.com/en/property/details-100245.html,"Semi-furnished Apartment for rent in Miami, Alexandria","17,500",EGP,monthly,151,3,1,Semi-furnished,Apartment,Alexandria,Alexandria,,31.27089,30.01472,Kids Area|Built-in Kitchen,2026-05-06,Private Owner,2026-06-30T09:00:00
AQ100399,aqarmap,https://www.aqarmap.com/en/property/details-100399.html,"Semi-furnished Duplex for rent in Zamalek, Cairo","77,000",EGP,monthly,256,4,3,Semi-furnished,Duplex,Cairo,Cairo,Zamalek,30.06998,31.22918,Elevator|Central AC|Built-in Kitchen|Backup Generator|Kids Area|Security,2026-06-03,Coldwell Banker,2026-06-30T09:00:00
AQ100341,aqarmap,https://www.aqarmap.com/en/property/details-100341.html,"Furnished Studio for rent in Fifth Settlement, New Cairo",3758,USD,yearly,67,,1,Furnished,Studio,Cairo,New Cairo,,30.00123,31.49763,Kids Area|Swimming Pool|Backup Generator|Central AC,2026-05-26,Nawy,2026-06-30T09:00:00
BA100270,bayut,https://www.bayut.eg/property/details-100270.html,"Unfurnished Penthouse for rent in Fifth Settlement, New Cairo",869,USD,monthly,211 Sq. M.,3,3,Unfurnished,Penthouse,Cairo,New Cairo,Fifth Settlement,30.00645,31.48611,Elevator|Balcony|Swimming Pool|Security|Garden|Maids Room,2026-04-30,ERA Egypt,2026-06-30T09:00:00
AQ100016,aqarmap,https://www.aqarmap.com/en/property/details-100016.html,"Semi-furnished Apartment for rent in El Shorouk, Shorouk",29000,EGP,monthly,190,4,1,Semi-furnished,Apartment,Cairo,Shorouk,El Shorouk,30.11999,31.62641,Swimming Pool|Elevator|Kids Area,2026-03-18,Private Owner,2026-06-30T09:00:00
AQ100169,aqarmap,https://www.aqarmap.com/en/property/details-100169.html,"Semi-furnished Duplex for rent in Mokattam, Cairo",42000,EGP,monthly,281,4,3,Semi-furnished,Duplex,Cairo,Cairo,Mokattam,30.03186,31.31096,Kids Area|Maids Room|Swimming Pool|Built-in Kitchen,2026-03-09,ERA Egypt,2026-06-30T09:00:00
BA100380,bayut,https://www.bayut.eg/property/details-100380.html,"Semi-furnished Penthouse for rent in Smouha, Alexandria",87000,EGP,monthly,,,3,Semi-furnished,Penthouse,Alexandria,Alexandria,Smouha,31.21769,29.93888,Kids Area|Security|Maids Room,2026-04-07,Aqarmap Agent,2026-06-30T09:00:00
BA100215,bayut,https://www.bayut.eg/property/details-100215.html,"Semi-furnished Chalet for rent in Zamalek, Cairo",60000,EGP,monthly,161,3,3,Semi-furnished,Chalet,Cairo,Cairo,Zamalek,30.0624,31.22009,Maids Room|Built-in Kitchen|Central AC,2026-03-21,Nawy,2026-06-30T09:00:00
BA100240,bayut,https://www.bayut.eg/property/details-100240.html,"Furnished Townhouse for rent in Smouha, Alexandria",1788,USD,monthly,334,,3,Furnished,Townhouse,Alexandria,Alexandria,Smouha,31.2071,29.93373,Kids Area|Maids Room|Parking|Elevator|Gym,2026-04-25,Coldwell Banker,2026-06-30T09:00:00
AQ100068,aqarmap,https://www.aqarmap.com/en/property/details-100068.html,"Furnished Townhouse for rent in Mokattam, Cairo","32,500",EGP,monthly,226 Sq. M.,4,2,Furnished,Townhouse,Cairo,Cairo,Mokattam,30.03462,31.30957,Security|Parking|Central AC,2026-03-16,Coldwell Banker,2026-06-30T09:00:00
BA100020,bayut,https://www.bayut.eg/property/details-100020.html,"Semi-furnished Apartment for rent in Heliopolis, Cairo","20,000",EGP,monthly,93,2,2,Semi-furnished,Apartment,Cairo,Cairo,Heliopolis,30.09237,31.31968,Swimming Pool|Security|Elevator|Parking|Balcony,2026-03-09,ERA Egypt,2026-06-30T09:00:00
AQ100145,aqarmap,https://www.aqarmap.com/en/property/details-100145.html,"Unfurnished Chalet for rent in Dokki, Giza",20000,EGP,monthly,146,3,3,Unfurnished,Chalet,Giza,Giza,Dokki,30.02958,31.21906,Maids Room|Built-in Kitchen,2026-05-01,Aqarmap Agent,2026-06-30T09:00:00
AQ100097,aqarmap,https://www.aqarmap.com/en/property/details-100097.html,"Semi-furnished Villa for rent in Faisal, Giza",47000,EGP,monthly,632,5,3,Semi-furnished,Villa,Giza,Giza,Faisal,29.99323,31.1464,Garden|Kids Area|Balcony,2026-03-20,Coldwell Banker,2026-06-30T09:00:00
AQ100056,aqarmap,https://www.aqarmap.com/en/property/details-100056.html,"Semi-furnished Studio for rent in Mohandessin, Giza",10000,EGP,monthly,63,,1,Semi-furnished,Studio,Giza,Giza,Mohandessin,30.05547,31.20419,Gym|Parking|Balcony|Elevator|Garden,2026-04-18,ERA Egypt,2026-06-30T09:00:00
AQ100101,aqarmap,https://www.aqarmap.com/en/property/details-100101.html,"Unfurnished Townhouse for rent in Mokattam, Cairo",444000,EGP,yearly,257,4,,Unfurnished,Townhouse,Cairo,Cairo,Mokattam,30.02254,31.30952,Kids Area|Security,2026-05-10,Coldwell Banker,2026-06-30T09:00:00
AQ100363,aqarmap,https://www.aqarmap.com/en/property/details-100363.html,"Unfurnished Studio for rent in Rehab, New Cairo","7,500",EGP,monthly,54,0,1,Unfurnished,Studio,Cairo,New Cairo,Rehab,30.05016,31.49227,Kids Area|Central AC|Security,2026-04-29,Private Owner,2026-06-30T09:00:00
AQ100183,aqarmap,https://www.aqarmap.com/en/property/details-100183.html,"Unfurnished Apartment for rent in Roushdy, Alexandria",32000,EGP,monthly,147,2,2,Unfurnished,Apartment,Alexandria,Alexandria,Roushdy,31.23678,29.94681,Swimming Pool|Parking|Gym|Garden|Kids Area,2026-03-28,Coldwell Banker,2026-06-30T09:00:00
BA100002,bayut,https://www.bayut.eg/property/details-100002.html,"Furnished Villa for rent in Mohandessin, Giza","101,000",EGP,monthly,398,6,1,Furnished,Villa,Giza,Giza,Mohandessin,30.06133,31.1976,Backup Generator|Garden|Security|Kids Area|Maids Room,2026-03-13,ERA Egypt,2026-06-30T09:00:00
BA100222,bayut,https://www.bayut.eg/property/details-100222.html,"Semi-furnished Studio for rent in Sheikh Zayed, 6th of October",242,USD,monthly,59 Sq. M.,,1,Semi-furnished,Studio,Giza,6th of October,Sheikh Zayed,30.03408,30.97647,Maids Room|Central AC|Built-in Kitchen|Security,2026-04-23,Bayut Verified,2026-06-30T09:00:00
BA100382,bayut,https://www.bayut.eg/property/details-100382.html,"Furnished Villa for rent in Maadi, Cairo",167500,EGP,monthly,624,6,4,Furnished,Villa,Cairo,Cairo,Maadi,29.96288,31.25444,Backup Generator|Kids Area|Maids Room|Balcony|Swimming Pool,2026-04-18,ERA Egypt,2026-06-30T09:00:00
BA100181,bayut,https://www.bayut.eg/property/details-100181.html,"Semi-furnished Townhouse for rent in Maadi, Cairo","54,500",EGP,monthly,,4,,Semi-furnished,Townhouse,Cairo,Cairo,Maadi,29.96684,31.26407,Maids Room|Swimming Pool|Gym,2026-06-08,Bayut Verified,2026-06-30T09:00:00
AQ100071,aqarmap,https://www.aqarmap.com/en/property/details-100071.html,"Furnished Studio for rent in Nasr City, Cairo",6000,EGP,monthly,47 Sq. M.,0,1,Furnished,Studio,Cairo,Cairo,Nasr City,30.06009,31.35625,Backup Generator|Central AC|Garden,2026-05-15,Nawy,2026-06-30T09:00:00
AQ100082,aqarmap,https://www.aqarmap.com/en/property/details-100082.html,"Semi-furnished Apartment for rent in Zamalek, Cairo",26500,EGP,monthly,92,3,3,Semi-furnished,Apartment,Cairo,Cairo,Zamalek,30.06886,31.22472,Kids Area|Security,2026-03-23,Aqarmap Agent,2026-06-30T09:00:00
BA100210,bayut,https://www.bayut.eg/property/details-100210.html,"Semi-furnished Chalet for rent in Mohandessin, Giza",15500,EGP,monthly,91,2,1,Semi-furnished,Chalet,Giza,Giza,Mohandessin,30.0452,31.20289,Parking|Security|Central AC|Swimming Pool|Garden|Gym,2026-03-25,Bayut Verified,2026-06-30T09:00:00
AQ100336,aqarmap,https://www.aqarmap.com/en/property/details-100336.html,"Furnished Studio for rent in Nasr City, Cairo",114000,EGP,yearly,58,0,,Furnished,Studio,Cairo,Cairo,Nasr City,30.05896,31.36076,Elevator|Swimming Pool,2026-06-12,ERA Egypt,2026-06-30T09:00:00
AQ100224,aqarmap,https://www.aqarmap.com/en/property/details-100224.html,"Unfurnished Apartment for rent in Madinaty, New Cairo",323,USD,monthly,115,4,4,Unfurnished,Apartment,Cairo,New Cairo,Madinaty,30.09667,31.62787,Elevator|Garden|Backup Generator,2026-04-24,Nawy,2026-06-30T09:00:00
BA100055,bayut,https://www.bayut.eg/property/details-100055.html,"Unfurnished Studio for rent in Sheikh Zayed, 6th of October",152,USD,monthly,52 Sq. M.,0,1,Unfurnished,Studio,Giza,6th of October,Sheikh Zayed,30.04528,30.97179,Elevator|Central AC,2026-03-24,Bayut Verified,2026-06-30T09:00:00
BA100137,bayut,https://www.bayut.eg/property/details-100137.html,"Unfurnished Villa for rent in El Shorouk, Shorouk",92000,EGP,monthly,677,4,2,Unfurnished,Villa,Cairo,Shorouk,El Shorouk,30.11652,31.62185,Built-in Kitchen|Elevator|Garden|Security,2026-03-15,Aqarmap Agent,2026-06-30T09:00:00
BA100274,bayut,https://www.bayut.eg/property/details-100274.html,"Furnished Apartment for rent in Madinaty, New Cairo",30000,EGP,monthly,204 Sq. M.,3,1,Furnished,Apartment,Cairo,New Cairo,Madinaty,30.0933,31.62224,Central AC|Security|Swimming Pool,2026-06-21,Aqarmap Agent,2026-06-30T09:00:00
BA100093,bayut,https://www.bayut.eg/property/details-100093.html,"Furnished Villa for rent in Haram, Giza",51500,EGP,monthly,692,4,2,Furnished,Villa,Giza,Giza,Haram,29.98689,31.15288,Swimming Pool|Maids Room|Kids Area|Elevator|Security,2026-04-05,Aqarmap Agent,2026-06-30T09:00:00
AQ100219,aqarmap,https://www.aqarmap.com/en/property/details-100219.html,"Semi-furnished Studio for rent in Roushdy, Alexandria",2909,USD,yearly,58,0,1,Semi-furnished,Studio,Alexandria,Alexandria,,31.23742,29.96106,Maids Room|Parking|Swimming Pool|Balcony|Gym|Kids Area,2026-03-29,Private Owner,2026-06-30T09:00:00
BA100186,bayut,https://www.bayut.eg/property/details-100186.html,"Furnished Studio for rent in Haram, Giza",5000,EGP,monthly,53,0,1,Furnished,Studio,Giza,Giza,Haram,29.98312,31.15717,Maids Room|Balcony|Built-in Kitchen,2026-06-25,Aqarmap Agent,2026-06-30T09:00:00
AQ100153,aqarmap,https://www.aqarmap.com/en/property/details-100153.html,"Furnished Apartment for rent in Sheikh Zayed, 6th of October",29500,EGP,monthly,109,4,2,Furnished,Apartment,Giza,6th of October,,30.04362,30.98043,Gym|Kids Area|Balcony|Built-in Kitchen|Maids Room,2026-04-07,Bayut Verified,2026-06-30T09:00:00
BA100191,bayut,https://www.bayut.eg/property/details-100191.html,"Furnished Penthouse for rent in Mokattam, Cairo",58500,EGP,monthly,,,,Furnished,Penthouse,Cairo,Cairo,Mokattam,30.01821,31.31929,Parking|Security,2026-04-13,Private Owner,2026-06-30T09:00:00
AQ100202,aqarmap,https://www.aqarmap.com/en/property/details-100202.html,"Furnished Townhouse for rent in Mohandessin, Giza",1444,USD,monthly,350 Sq. M.,,4,Furnished,Townhouse,Giza,Giza,,30.06281,31.20401,Swimming Pool|Security,2026-04-07,Private Owner,2026-06-30T09:00:00
